[{"model": "contenttypes.contenttype", "id": 1, "fields": {"app_label": "admin", "model": "logentry"}}, {"model": "contenttypes.contenttype", "id": 2, "fields": {"app_label": "auth", "model": "permission"}}, {"model": "contenttypes.contenttype", "id": 3, "fields": {"app_label": "auth", "model": "group"}}, {"model": "contenttypes.contenttype", "id": 4, "fields": {"app_label": "auth", "model": "user"}}, {"model": "contenttypes.contenttype", "id": 5, "fields": {"app_label": "contenttypes", "model": "contenttype"}}, {"model": "contenttypes.contenttype", "id": 6, "fields": {"app_label": "sessions", "model": "session"}}, {"model": "contenttypes.contenttype", "id": 7, "fields": {"app_label": "classes", "model": "class"}}, {"model": "contenttypes.contenttype", "id": 8, "fields": {"app_label": "classes", "model": "class_linker"}}, {"model": "contenttypes.contenttype", "id": 9, "fields": {"app_label": "assignments", "model": "model_assignment"}}, {"model": "contenttypes.contenttype", "id": 10, "fields": {"app_label": "assignments", "model": "assignment"}}, {"model": "contenttypes.contenttype", "id": 11, "fields": {"app_label": "profiles", "model": "profile"}}, {"model": "contenttypes.contenttype", "id": 12, "fields": {"app_label": "passwords", "model": "resetpwd"}}, {"model": "contenttypes.contenttype", "id": 13, "fields": {"app_label": "sites", "model": "site"}}, {"model": "contenttypes.contenttype", "id": 14, "fields": {"app_label": "account", "model": "emailaddress"}}, {"model": "contenttypes.contenttype", "id": 15, "fields": {"app_label": "account", "model": "emailconfirmation"}}, {"model": "contenttypes.contenttype", "id": 16, "fields": {"app_label": "socialaccount", "model": "socialaccount"}}, {"model": "contenttypes.contenttype", "id": 17, "fields": {"app_label": "socialaccount", "model": "socialapp"}}, {"model": "contenttypes.contenttype", "id": 18, "fields": {"app_label": "socialaccount", "model": "socialtoken"}}, {"model": "sessions.session", "pk": "052zf89syuseu7mp0nlyi82irvfj58mh", "fields": {"session_data": "ZjUyMDE2ZjM2ZWYwNGFiZWRkZWZiZWMxNWZkZTM1OGE2OGY3Y2U5ZTp7Il9hdXRoX3VzZXJfaWQiOiIxIiwiX2F1dGhfdXNlcl9iYWNrZW5kIjoiZGphbmdvLmNvbnRyaWIuYXV0aC5iYWNrZW5kcy5Nb2RlbEJhY2tlbmQiLCJfYXV0aF91c2VyX2hhc2giOiJjM2QzNWJlN2JhZjdjMTEwY2YwMjQ0ZWM2OTk2NjFmMTBhYjVmMmFhIiwiX3Nlc3Npb25faW5pdF90aW1lc3RhbXBfIjoxNTkxMDQwODM1LjcxOTgyNDh9", "expire_date": "2020-06-15T19:47:15.734Z"}}, {"model": "sessions.session", "pk": "0708qyk1rqbj7ggdg0p3dunx3jmqc7ag", "fields": {"session_data": "NzUyYWQ2Yzg5Yzg3ZjYwNWQ1ZGNmODAyM2NmNDNiNmE3OWU3ZDhhOTp7Il9hdXRoX3VzZXJfaWQiOiIxIiwiX2F1dGhfdXNlcl9iYWNrZW5kIjoiZGphbmdvLmNvbnRyaWIuYXV0aC5iYWNrZW5kcy5Nb2RlbEJhY2tlbmQiLCJfYXV0aF91c2VyX2hhc2giOiIxNzdmZWY4NjkxYTllMzMwZmM3ODIyYzQ5ZjMzYzU4ODNmZWFjMjM0IiwiX3Nlc3Npb25faW5pdF90aW1lc3RhbXBfIjoxNTg0NzIxNDUwLjI4MzExNzV9", "expire_date": "2020-04-03T16:24:10.288Z"}}, {"model": "sessions.session", "pk": "0g7n36dxcyf6kdt4vqcw0nxxph00o450", "fields": {"session_data": "MmI1YTBkZTA4MWFkMjJhODM0NmE0M2U0ZmMwZmI5YjkwY2ZiODMxYzp7Il9hdXRoX3VzZXJfaWQiOiIzNCIsIl9hdXRoX3VzZXJfYmFja2VuZCI6ImFsbGF1dGguYWNjb3VudC5hdXRoX2JhY2tlbmRzLkF1dGhlbnRpY2F0aW9uQmFja2VuZCIsIl9hdXRoX3VzZXJfaGFzaCI6IjI1MTk2YmE2MGYwY2NiMzU0NTEwZmRjYjZjMDQzZjk5ZWFhNjJmYjUiLCJfc2Vzc2lvbl9pbml0X3RpbWVzdGFtcF8iOjE1OTI1MTcxNjcuMTkyOTYyfQ==", "expire_date": "2020-07-02T21:52:47.224Z"}}, {"model": "sessions.session", "pk": "0j60rqrbl8whkhp3ux1aa7fyyxn33fe4", "fields": {"session_data": "NmM4NmU2M2E5NWJjOTU4YzdkZGI3NDA5ZTQ3ZWIzYmQyNzQ0MmQyNzp7Il9hdXRoX3VzZXJfaWQiOiI0MCIsIl9hdXRoX3VzZXJfYmFja2VuZCI6ImRqYW5nby5jb250cmliLmF1dGguYmFja2VuZHMuTW9kZWxCYWNrZW5kIiwiX2F1dGhfdXNlcl9oYXNoIjoiMmYyNWVlOTRlMTljY2YyY2Y0NDRlNmM1YTUyYmE1YTQ4MGRiZjkxYiIsIl9zZXNzaW9uX2luaXRfdGltZXN0YW1wXyI6MTU4OTE1OTUxNS4wMjIzNDE1fQ==", "expire_date": "2020-05-25T01:11:55.022Z"}}, {"model": "sessions.session", "pk": "11ol64j0o2kx5gow2ob0ghkiivhyvr83", "fields": {"session_data": "MGJjYmE4MzRiYzAxNWMzNmFjNGQzNmQxZmE3ZmQ5YzA2Yjk4MGRmMTp7Il9hdXRoX3VzZXJfaWQiOiIzOCIsIl9hdXRoX3VzZXJfYmFja2VuZCI6ImRqYW5nby5jb250cmliLmF1dGguYmFja2VuZHMuTW9kZWxCYWNrZW5kIiwiX2F1dGhfdXNlcl9oYXNoIjoiNDlmY2FiZjc2ZDI2NDZjNWQyN2MwODdkZmUxZTc5ZTYzYzhiMGVlZiIsIl9zZXNzaW9uX2luaXRfdGltZXN0YW1wXyI6MTU4ODcyNDIwMS4zNzY4NTA2fQ==", "expire_date": "2020-05-20T00:16:41.392Z"}}, {"model": "sessions.session", "pk": "1mir8eu0ywht9ogs9olfl1dvvq8guxsa", "fields": {"session_data": "NjhkOTQ5MzdmYTIyMTQzYzFiZmJhZjJmZTgwMWQ5ZGE5NTRmM2Q5MDp7Il9hdXRoX3VzZXJfaWQiOiIxIiwiX2F1dGhfdXNlcl9iYWNrZW5kIjoiZGphbmdvLmNvbnRyaWIuYXV0aC5iYWNrZW5kcy5Nb2RlbEJhY2tlbmQiLCJfYXV0aF91c2VyX2hhc2giOiI0ZThjNzEwZTFjYzNjZjEzMDJiZTlkMmUyZDQ5NjBmMWNmZjRmNjFhIiwiX3Nlc3Npb25faW5pdF90aW1lc3RhbXBfIjoxNTg3OTMyNzI5Ljc3NzMwODd9", "expire_date": "2020-05-10T20:25:29.792Z"}}, {"model": "sessions.session", "pk": "2apq2cn1vpvls9nmvm0sg360qthu05g1", "fields": {"session_data": "ZGI0YTcxZTE4NzY2NTU2YzNjNDQ4YjIyZGU0YmViYzE1ZjdmNTAzMjp7Il9hdXRoX3VzZXJfaWQiOiI4IiwiX2F1dGhfdXNlcl9iYWNrZW5kIjoiZGphbmdvLmNvbnRyaWIuYXV0aC5iYWNrZW5kcy5Nb2RlbEJhY2tlbmQiLCJfYXV0aF91c2VyX2hhc2giOiJjNjBmNmViOTEwNDE5N2QwOTI4N2NiYTgxNjIxNWU3NDU1YzdlMGQ5IiwiX3Nlc3Npb25faW5pdF90aW1lc3RhbXBfIjoxNTY4OTM4Nzc1Ljc5OTY3NzZ9", "expire_date": "2019-10-04T00:19:35.809Z"}}, {"model": "sessions.session", "pk": "2aznygfvydods4iyi3o09hcbnf7uxcu2", "fields": {"session_data": "NGU3NjZiZGJhZTg3OGI4ZWVjMDhlNjQ4MzczZTgyYTNkOWExNWI5Yjp7Il9hdXRoX3VzZXJfaWQiOiIxIiwiX2F1dGhfdXNlcl9iYWNrZW5kIjoiZGphbmdvLmNvbnRyaWIuYXV0aC5iYWNrZW5kcy5Nb2RlbEJhY2tlbmQiLCJfYXV0aF91c2VyX2hhc2giOiI0ZThjNzEwZTFjYzNjZjEzMDJiZTlkMmUyZDQ5NjBmMWNmZjRmNjFhIiwiX3Nlc3Npb25faW5pdF90aW1lc3RhbXBfIjoxNTg5OTk3ODE1LjU5MDUwMzJ9", "expire_date": "2020-06-03T18:03:35.606Z"}}, {"model": "sessions.session", "pk": "2b81rm7gpeg5o2qd1fp20lr0hm61oa7y", "fields": {"session_data": "Y2I2ZjM3OGE4ODA0OGMxOTQ5YjVjMDJhNzM5MjFlZjc2YjI1YTYxNDp7InNvY2lhbGFjY291bnRfc3RhdGUiOlt7InByb2Nlc3MiOiJsb2dpbiIsInNjb3BlIjoiIiwiYXV0aF9wYXJhbXMiOiIifSwiek56VWIySEZKWE9nIl19", "expire_date": "2020-07-02T21:13:15.461Z"}}, {"model": "sessions.session", "pk": "2gfoh85n9sjx27k51u3xhxcewv85woup", "fields": {"session_data": "NTE0MWY5ZjljODEyODAwNzAwZGRlYmY0ZDA1N2ZkZGUxNjUwOGE4Mzp7Il9zZXNzaW9uX2luaXRfdGltZXN0YW1wXyI6MTU5MTMxNjUwNS4yNjc5NTgyfQ==", "expire_date": "2020-06-19T00:21:45.272Z"}}, {"model": "sessions.session", "pk": "2si8lb0fscb1c78ac1yrerr3qh80tp2b", "fields": {"session_data": "OTliMGRiMzI1MDY1MTFkODc0OTI0MmMwMmYxZDQ0MDU3YzllMDVjYTp7Il9hdXRoX3VzZXJfaWQiOiIxIiwiX2F1dGhfdXNlcl9iYWNrZW5kIjoiZGphbmdvLmNvbnRyaWIuYXV0aC5iYWNrZW5kcy5Nb2RlbEJhY2tlbmQiLCJfYXV0aF91c2VyX2hhc2giOiIxNzdmZWY4NjkxYTllMzMwZmM3ODIyYzQ5ZjMzYzU4ODNmZWFjMjM0IiwiX3Nlc3Npb25faW5pdF90aW1lc3RhbXBfIjoxNTgzMzM3MDg4LjUyNjk5NDJ9", "expire_date": "2020-03-18T15:51:28.982Z"}}, {"model": "sessions.session", "pk": "3l01eou4q5c8ebszcu300akkk6spx4pf", "fields": {"session_data": "MmVhZTFkMjBhNzNhNTU5Yzc3NGQ3MzhmNDlhMGRkYWVkOGU5ZjYzNTp7Il9hdXRoX3VzZXJfaWQiOiIzMiIsIl9hdXRoX3VzZXJfYmFja2VuZCI6ImRqYW5nby5jb250cmliLmF1dGguYmFja2VuZHMuTW9kZWxCYWNrZW5kIiwiX2F1dGhfdXNlcl9oYXNoIjoiMjJhMGQ1ZmMxZDNkZWQzZGI0MmZjNWRkN2VkMTk0MDliYTU5ZmZhNyIsIl9zZXNzaW9uX2luaXRfdGltZXN0YW1wXyI6MTU4Njk5NjIxMy41MTA3OTkyfQ==", "expire_date": "2020-04-30T00:16:53.510Z"}}, {"model": "sessions.session", "pk": "3q2a19qrqhyl2q3u0owm1wvbib7fpztc", "fields": {"session_data": "ZTBiYzE1ZDE1ODc2MWRlM2E0MGRjMWJiY2E5YjEwYWE2ODZjMDAzOTp7InNvY2lhbGFjY291bnRfc3RhdGUiOlt7InByb2Nlc3MiOiJsb2dpbiIsInNjb3BlIjoiIiwiYXV0aF9wYXJhbXMiOiIifSwiM2ZMUmFPM2VQMkdRIl19", "expire_date": "2020-07-02T21:23:33.401Z"}}, {"model": "sessions.session", "pk": "3q8qsr4z2h7w87nac4a8f4tnawf9m96x", "fields": {"session_data": "N2Y4MGZiNTQyMjI2MjEzYTc3ZDJlZmUwN2VkNDRmM2JmNjViNzAzZDp7InNvY2lhbGFjY291bnRfc3RhdGUiOlt7InByb2Nlc3MiOiJsb2dpbiIsInNjb3BlIjoiIiwiYXV0aF9wYXJhbXMiOiIifSwiUlBodzB4ZUthVTdsIl19", "expire_date": "2020-07-02T21:13:38.694Z"}}, {"model": "sessions.session", "pk": "4cxij0t34zb94orrvfyfdwtz5l6nr0e1", "fields": {"session_data": "MGYzODVmYzU0ODM3YTAxM2E2NzZjZGQ4M2Y1OGFhNzQ5MDU5OWRlZDp7Il9hdXRoX3VzZXJfaWQiOiI0MiIsIl9hdXRoX3VzZXJfYmFja2VuZCI6ImRqYW5nby5jb250cmliLmF1dGguYmFja2VuZHMuTW9kZWxCYWNrZW5kIiwiX2F1dGhfdXNlcl9oYXNoIjoiOTVhODEwN2RlMTI2YjJlOTJhZWExMWMwYjliZTMwZTcwYzRhMzk4ZSIsIl9zZXNzaW9uX2luaXRfdGltZXN0YW1wXyI6MTU5MTY2Mzk0OS43OTE1NjR9", "expire_date": "2020-06-23T00:52:29.796Z"}}, {"model": "sessions.session", "pk": "4ezcu5hxb5g3sc6nmejp4nfpivgl7kd7", "fields": {"session_data": "YjgzNWU2ZDkwYjA5NTFiNjU3MTBjNjEwN2ViM2RiOTlhNGY4MjEzNDp7Il9zZXNzaW9uX2luaXRfdGltZXN0YW1wXyI6MTU5MjQ1MjgwNi44MjA4NzY2LCJfYXV0aF91c2VyX2lkIjoiNTQiLCJfYXV0aF91c2VyX2JhY2tlbmQiOiJhbGxhdXRoLmFjY291bnQuYXV0aF9iYWNrZW5kcy5BdXRoZW50aWNhdGlvbkJhY2tlbmQiLCJfYXV0aF91c2VyX2hhc2giOiIxM2EzMDU1Mzg1MWJmOWFiNDJmOTNkYWQ0Mjg2ZTcxNzEwNTUzMDQzIn0=", "expire_date": "2020-07-02T04:00:07.049Z"}}, {"model": "sessions.session", "pk": "4nnd06pit4bps08r4j6da900tp2ghb4n", "fields": {"session_data": "M2RlNmRmYjBmNmIwMzc1OGRmNTBkOTA3N2MxZWNkOWFjZjI5YThjZDp7InNvY2lhbGFjY291bnRfc3RhdGUiOlt7InByb2Nlc3MiOiJsb2dpbiIsInNjb3BlIjoiIiwiYXV0aF9wYXJhbXMiOiIifSwiTXJkTUc1elJ2WkR5Il0sIl9zZXNzaW9uX2luaXRfdGltZXN0YW1wXyI6MTU5MjUxOTg5OS42MDU2OTV9", "expire_date": "2020-07-02T22:38:19.621Z"}}, {"model": "sessions.session", "pk": "4wprzg74px03hcvzm0fh6o01zu79gk7v", "fields": {"session_data": "MmEzMDZkMWJmMDU4ZDQ0NTVkMzIyODI2MmMwOGE4YzFlOWNkNmY5ODp7Il9hdXRoX3VzZXJfaWQiOiI5IiwiX2F1dGhfdXNlcl9iYWNrZW5kIjoiZGphbmdvLmNvbnRyaWIuYXV0aC5iYWNrZW5kcy5Nb2RlbEJhY2tlbmQiLCJfYXV0aF91c2VyX2hhc2giOiJiOTMxNDUxYjViMGI4MDhhYWY0MjI5MTg2ZDlhMjhiOTVkOTdmNGIzIiwiX3Nlc3Npb25faW5pdF90aW1lc3RhbXBfIjoxNTkxNzE1MTQ4LjI0NDY5NH0=", "expire_date": "2020-06-23T15:05:48.244Z"}}, {"model": "sessions.session", "pk": "514yztxh2x5ql1c3mqs92073o1awq890", "fields": {"session_data": "MWVhZTlhODRjMzFiOTcyZTliNGQyMDU4ZDYxY2IwYWY1YTNlMzQ5OTp7InNvY2lhbGFjY291bnRfc3RhdGUiOlt7InByb2Nlc3MiOiJsb2dpbiIsInNjb3BlIjoiIiwiYXV0aF9wYXJhbXMiOiIifSwiY3RmdHdvUFgzU05EIl19", "expire_date": "2020-07-02T21:09:37.586Z"}}, {"model": "sessions.session", "pk": "57yv7o5uri52ljgr4o44e1gl9i0f07sq", "fields": {"session_data": "MWQ3MDE1NjcyMzM3MjNkZWI4NTg3OTc5OTAxYWQ0MGYzM2FiNTc0Njp7Il9zZXNzaW9uX2luaXRfdGltZXN0YW1wXyI6MTU5MzAxMjQzMS4zMTM4NjI4LCJfYXV0aF91c2VyX2lkIjoiNDIiLCJfYXV0aF91c2VyX2JhY2tlbmQiOiJhbGxhdXRoLmFjY291bnQuYXV0aF9iYWNrZW5kcy5BdXRoZW50aWNhdGlvbkJhY2tlbmQiLCJfYXV0aF91c2VyX2hhc2giOiJmZTZiNjU1OWY5ZjkwZDcxZDk1MTBiODAzMGQ4NmNkZjQ2NjM0OTEzIn0=", "expire_date": "2020-07-08T15:27:11.313Z"}}, {"model": "sessions.session", "pk": "5chz6ppah031smkg5c2pmaf0nj1v4zoi", "fields": {"session_data": "MzRkNjBmMzU0ZjE0MDZkM2MyMWE1ZmY4Yzc0YTVjNjcwY2U2OWI0Njp7InNvY2lhbGFjY291bnRfc3RhdGUiOlt7InByb2Nlc3MiOiJsb2dpbiIsInNjb3BlIjoiIiwiYXV0aF9wYXJhbXMiOiIifSwiU1BFSFdpbVFNREdPIl19", "expire_date": "2020-07-02T21:27:30.675Z"}}, {"model": "sessions.session", "pk": "5qj8kzd5dg7gsiogrcrjrk9tun2uw0hd", "fields": {"session_data": "NjVjOThkNWY5ZGZmM2Y0YmM3NDU2MjZlN2IyZTg0YTBhNzA2ODE0Nzp7Il9hdXRoX3VzZXJfaWQiOiIyMiIsIl9hdXRoX3VzZXJfYmFja2VuZCI6ImRqYW5nby5jb250cmliLmF1dGguYmFja2VuZHMuTW9kZWxCYWNrZW5kIiwiX2F1dGhfdXNlcl9oYXNoIjoiMjI1ODU1N2M5OWNhY2Y3NzRkYTJmZTIyNzg4ODMyMTNlYzc2ZjQwZiIsIl9zZXNzaW9uX2luaXRfdGltZXN0YW1wXyI6MTU5MTAyODYyMi4yNjIzODk0fQ==", "expire_date": "2020-06-15T16:23:42.293Z"}}, {"model": "sessions.session", "pk": "5z3fejs7jfv27qzy0cknsiwezhikxu8m", "fields": {"session_data": "ODg5NjRmNWM2M2YxMDBlM2JjZGIwMzZjZTA3YjE4NmQ4MDkwOWVhMDp7InNvY2lhbGFjY291bnRfc3RhdGUiOlt7InByb2Nlc3MiOiJsb2dpbiIsInNjb3BlIjoiIiwiYXV0aF9wYXJhbXMiOiIifSwiZGVhZG11dmxhWmVFIl19", "expire_date": "2020-07-02T21:21:58.468Z"}}, {"model": "sessions.session", "pk": "6933bzslv7306bh2cyzr4srv31rf71sd", "fields": {"session_data": "ZjkyZmQ0YmYyODQyYWJlYzM1ZjljNjk3MTc2ZWRiYzNlN2IwOTcwNzp7Il9hdXRoX3VzZXJfaWQiOiI0MyIsIl9hdXRoX3VzZXJfYmFja2VuZCI6ImRqYW5nby5jb250cmliLmF1dGguYmFja2VuZHMuTW9kZWxCYWNrZW5kIiwiX2F1dGhfdXNlcl9oYXNoIjoiM2RhYWQ0YjYxMzE3NGEyNjJhODRjM2IyMmE5NzkwNzA0MDAyNmU5YyIsIl9zZXNzaW9uX2luaXRfdGltZXN0YW1wXyI6MTU5MTgxMjI4OS41NDc0NzA4fQ==", "expire_date": "2020-06-24T18:04:49.547Z"}}, {"model": "sessions.session", "pk": "6hblm9852vf9wfmlmfuqgvsnapyf03gz", "fields": {"session_data": "ZGE3MTQwM2ZkN2NiOGQ4Yzg3MTE5NzJmMWNhNjM0MTZhYWMxZDE2MTp7Il9hdXRoX3VzZXJfaWQiOiIzNSIsIl9hdXRoX3VzZXJfYmFja2VuZCI6ImRqYW5nby5jb250cmliLmF1dGguYmFja2VuZHMuTW9kZWxCYWNrZW5kIiwiX2F1dGhfdXNlcl9oYXNoIjoiOTlkMzQwZWVkYzQyZGU4YWFkMmNhMWYzMTNiOWFjNWQ3NTY3ZDM5NSIsIl9zZXNzaW9uX2luaXRfdGltZXN0YW1wXyI6MTU4ODE3MDExNi40MDQ5MzE1fQ==", "expire_date": "2020-05-13T14:21:56.404Z"}}, {"model": "sessions.session", "pk": "73cq28ka949mwv6k5ot53s4qf8kywxv3", "fields": {"session_data": "ZWJjMjRiZGUwOGVlZDA3NDBkZGU1NzZiMmUwYTQzN2ZjMmE4Y2UzMzp7Il9zZXNzaW9uX2luaXRfdGltZXN0YW1wXyI6MTU5MjUxOTM3MC40NjEyMjgsIl9hdXRoX3VzZXJfaWQiOiI0MyIsIl9hdXRoX3VzZXJfYmFja2VuZCI6ImFsbGF1dGguYWNjb3VudC5hdXRoX2JhY2tlbmRzLkF1dGhlbnRpY2F0aW9uQmFja2VuZCIsIl9hdXRoX3VzZXJfaGFzaCI6ImJmMzE2OTY2OTFmYjlkY2EwY2QwOWJlOTRjYzgxZDNhYjJjZjM3OGEifQ==", "expire_date": "2020-07-02T22:29:30.668Z"}}, {"model": "sessions.session", "pk": "73qwz7ex9zbmri4kh3s5auc0oqcf8onw", "fields": {"session_data": "OGE5NDI2MjBjNzViYTJiMmU0YmQ4MWI3ODE0OTYwYWJlYjM3YmRmZjp7Il9hdXRoX3VzZXJfaWQiOiI4IiwiX2F1dGhfdXNlcl9iYWNrZW5kIjoiZGphbmdvLmNvbnRyaWIuYXV0aC5iYWNrZW5kcy5Nb2RlbEJhY2tlbmQiLCJfYXV0aF91c2VyX2hhc2giOiIwYzFmNTJmODAxMGU0OTQyMDE3MDhjY2NmN2NiMjZiNjU5MGNmYjBhIiwiX3Nlc3Npb25faW5pdF90aW1lc3RhbXBfIjoxNTczNDM2MjI3LjAwNDYxOH0=", "expire_date": "2019-11-25T01:37:07.006Z"}}, {"model": "sessions.session", "pk": "7fu9bn9k6lyyixqyh1okslq5cv06j6yl", "fields": {"session_data": "ZWExNDg4ODkyMDFkZjUxYzkxNDMxODYzZTQ3ZWVmOWJiNmRjN2Y3Yjp7Il9zZXNzaW9uX2luaXRfdGltZXN0YW1wXyI6MTU3MTU5NDIyNS40ODk1ODkyfQ==", "expire_date": "2019-11-03T17:57:05.500Z"}}, {"model": "sessions.session", "pk": "7jzvsojn15gr67f5h432vzpwsmckkmek", "fields": {"session_data": "ZDAwMGJlMGI4MmJhNTc3MDI4OTRiNzUxM2UxYjkyYWI3ZDlkOGJiMjp7InNvY2lhbGFjY291bnRfc3RhdGUiOlt7InByb2Nlc3MiOiJsb2dpbiIsInNjb3BlIjoiIiwiYXV0aF9wYXJhbXMiOiIifSwidE1JRXozeENQOFpQIl19", "expire_date": "2020-07-02T21:14:31.496Z"}}, {"model": "sessions.session", "pk": "8041x11df2d3ubrigtqsu00w0wj01axr", "fields": {"session_data": "YzdlYzRmYjNjM2Q0MjAyMDBiZWY0NjhiOWNjY2E3NzJmOTQ1MjA4YTp7Il9hdXRoX3VzZXJfaWQiOiIxIiwiX2F1dGhfdXNlcl9iYWNrZW5kIjoiZGphbmdvLmNvbnRyaWIuYXV0aC5iYWNrZW5kcy5Nb2RlbEJhY2tlbmQiLCJfYXV0aF91c2VyX2hhc2giOiJjM2QzNWJlN2JhZjdjMTEwY2YwMjQ0ZWM2OTk2NjFmMTBhYjVmMmFhIiwiX3Nlc3Npb25faW5pdF90aW1lc3RhbXBfIjoxNTkxMDI4Nzk4LjQyMzYyODN9", "expire_date": "2020-06-15T16:26:38.435Z"}}, {"model": "sessions.session", "pk": "8dhjdcm00dkms5jhlkxec1dpsnzflhq2", "fields": {"session_data": "MTA0NDRiODgyNjNjMGNiNWY2MDI1ZGEyZGJiNmM3YjUzMDJlNmExZjp7InNvY2lhbGFjY291bnRfc3RhdGUiOlt7InByb2Nlc3MiOiJsb2dpbiIsInNjb3BlIjoiIiwiYXV0aF9wYXJhbXMiOiIifSwibkFIMndZNFZSN1VCIl19", "expire_date": "2020-07-02T22:01:59.934Z"}}, {"model": "sessions.session", "pk": "8g99rq0cq8qbsfqck1kt19krqcvajpf0", "fields": {"session_data": "NmNmNDJhM2ZjYzgwZGIwYzQ5NGRlNzFkYjAxZjZjYzRiZjY2MGU3ODp7InNvY2lhbGFjY291bnRfc3RhdGUiOlt7InByb2Nlc3MiOiJsb2dpbiIsInNjb3BlIjoiIiwiYXV0aF9wYXJhbXMiOiIifSwiM25nUG9hVTU1QVJIIl19", "expire_date": "2020-07-02T21:23:54.306Z"}}, {"model": "sessions.session", "pk": "8llqhkvqubvrmh06guedh03hhil7g3dx", "fields": {"session_data": "NzIxNDg2ODkwZTFiMDhkYjczZTg0ODBkYTZmOTMyNTQ3Njk4OWE3Zjp7Il9hdXRoX3VzZXJfaWQiOiI4IiwiX2F1dGhfdXNlcl9iYWNrZW5kIjoiZGphbmdvLmNvbnRyaWIuYXV0aC5iYWNrZW5kcy5Nb2RlbEJhY2tlbmQiLCJfYXV0aF91c2VyX2hhc2giOiJjNjBmNmViOTEwNDE5N2QwOTI4N2NiYTgxNjIxNWU3NDU1YzdlMGQ5IiwiX3Nlc3Npb25faW5pdF90aW1lc3RhbXBfIjoxNTY4MzQyNDcyLjI3NDMzNH0=", "expire_date": "2019-09-27T02:41:12.284Z"}}, {"model": "sessions.session", "pk": "8osqe7jo2v0fzo2c5ydqy9dnvp6qcfk8", "fields": {"session_data": "MzQwM2QyYzE0ZDgyNzlmM2Q2ZDI5MmY0ZGU4MjhmMWVkZjM3MmY2MTp7InNvY2lhbGFjY291bnRfc3RhdGUiOlt7InByb2Nlc3MiOiJsb2dpbiIsInNjb3BlIjoiIiwiYXV0aF9wYXJhbXMiOiIifSwiSUNtaHpjd3ZJTnVGIl19", "expire_date": "2020-07-02T21:27:06.186Z"}}, {"model": "sessions.session", "pk": "9154ypxswvg3ybwcw3wobuifr0gnccdq", "fields": {"session_data": "ZDllNWNiMGJlMTMyOTgwOTg0MzU4ODk1MjA0MjExOGU5YjNiODgxNTp7Il9hdXRoX3VzZXJfaWQiOiI4IiwiX2F1dGhfdXNlcl9iYWNrZW5kIjoiZGphbmdvLmNvbnRyaWIuYXV0aC5iYWNrZW5kcy5Nb2RlbEJhY2tlbmQiLCJfYXV0aF91c2VyX2hhc2giOiJjNjBmNmViOTEwNDE5N2QwOTI4N2NiYTgxNjIxNWU3NDU1YzdlMGQ5IiwiX3Nlc3Npb25faW5pdF90aW1lc3RhbXBfIjoxNTY4OTI2MTYxLjMyMzcyOX0=", "expire_date": "2019-10-03T20:49:21.326Z"}}, {"model": "sessions.session", "pk": "9d0ctzjmrbp88vdytd77psuszou5z9od", "fields": {"session_data": "YjQ0ZGE3MTBkMDg0MGNkYjk5YzlmYjQyNTZhYmFiZjE4Zjc1YzIyYzp7Il9zZXNzaW9uX2luaXRfdGltZXN0YW1wXyI6MTU5MDAwMjUyMC4yNTkwMjc3LCJfYXV0aF91c2VyX2lkIjoiMSIsIl9hdXRoX3VzZXJfYmFja2VuZCI6ImRqYW5nby5jb250cmliLmF1dGguYmFja2VuZHMuTW9kZWxCYWNrZW5kIiwiX2F1dGhfdXNlcl9oYXNoIjoiOThiNGY3MTVlNmMyZGRiMWIwYzdhNzA4MGUyYTBiNjc4YmM3ZWQ2ZiJ9", "expire_date": "2020-06-03T19:22:00.332Z"}}, {"model": "sessions.session", "pk": "9ioq6smdqu9qf5ni3x0rdvwsk1y32q9g", "fields": {"session_data": "ZGQwMzczYmIxYTM1M2UxNjYxN2NlYWU0OTQ2MzcwNzIwNjc3NzA5MTp7InNvY2lhbGFjY291bnRfc3RhdGUiOlt7InByb2Nlc3MiOiJsb2dpbiIsInNjb3BlIjoiIiwiYXV0aF9wYXJhbXMiOiIifSwiVkkzUmpIeklTYUFXIl19", "expire_date": "2020-07-02T21:28:33.275Z"}}, {"model": "sessions.session", "pk": "9qw50b2swq1xppaet5f46ta4u81ewglq", "fields": {"session_data": "ZmNiN2U1ZmM4MjYxN2M5MGY1NjRkNDRkMjY2NWU3YWFkZDAzMDhmNTp7Il9hdXRoX3VzZXJfaWQiOiI1MCIsIl9hdXRoX3VzZXJfYmFja2VuZCI6ImRqYW5nby5jb250cmliLmF1dGguYmFja2VuZHMuTW9kZWxCYWNrZW5kIiwiX2F1dGhfdXNlcl9oYXNoIjoiZThjMzMxYmYyOGJhNjE1NmEyOTIzOWUxNWI2ZmMzZGNhZjg2NjAwMCIsIl9zZXNzaW9uX2luaXRfdGltZXN0YW1wXyI6MTU5MjQyMzc3MC44MDE0NDk1fQ==", "expire_date": "2020-07-01T19:56:10.817Z"}}, {"model": "sessions.session", "pk": "9uezy6pldjknsr3wnb19ir2f4k3bxaaq", "fields": {"session_data": "NTg1NGNiNzM1YjY4NTFiN2IzY2NmMDJiY2MwYzJlNjMxMWNmOTU3NTp7Il9hdXRoX3VzZXJfaWQiOiI4IiwiX2F1dGhfdXNlcl9iYWNrZW5kIjoiZGphbmdvLmNvbnRyaWIuYXV0aC5iYWNrZW5kcy5Nb2RlbEJhY2tlbmQiLCJfYXV0aF91c2VyX2hhc2giOiJjNjBmNmViOTEwNDE5N2QwOTI4N2NiYTgxNjIxNWU3NDU1YzdlMGQ5IiwiX3Nlc3Npb25faW5pdF90aW1lc3RhbXBfIjoxNTY4OTM4MDAyLjIwNjYwMzV9", "expire_date": "2019-10-04T00:06:42.216Z"}}, {"model": "sessions.session", "pk": "9uzxmfqyghuuaiu4qebjdyb4tu87n7gd", "fields": {"session_data": "YjNiMTMwNTJlMzg2NmNhMjkzNzk4YzE5ZTA1NTJjYmUzOGZjNzBkYTp7Il9hdXRoX3VzZXJfaWQiOiIxIiwiX2F1dGhfdXNlcl9iYWNrZW5kIjoiZGphbmdvLmNvbnRyaWIuYXV0aC5iYWNrZW5kcy5Nb2RlbEJhY2tlbmQiLCJfYXV0aF91c2VyX2hhc2giOiI0YzNiNTczYmQ4Yjc5NDYwOWVhNWU3NTY1NjIwYTM4ODM3YmU4YTI0In0=", "expire_date": "2020-06-18T17:46:22.371Z"}}, {"model": "sessions.session", "pk": "a85khuwdfcw5u5av4c4bgavnzy7f2f1x", "fields": {"session_data": "MmFmZGRlNWE1ZGFlNDQyMDRkODYzYzgyMjA0NmU1NjgwOGUyM2NjNjp7Il9hdXRoX3VzZXJfaWQiOiIxIiwiX2F1dGhfdXNlcl9iYWNrZW5kIjoiZGphbmdvLmNvbnRyaWIuYXV0aC5iYWNrZW5kcy5Nb2RlbEJhY2tlbmQiLCJfYXV0aF91c2VyX2hhc2giOiIxNzdmZWY4NjkxYTllMzMwZmM3ODIyYzQ5ZjMzYzU4ODNmZWFjMjM0IiwiX3Nlc3Npb25faW5pdF90aW1lc3RhbXBfIjoxNTc3OTIxMTI1LjIxMTQwOTN9", "expire_date": "2020-01-15T23:25:25.215Z"}}, {"model": "sessions.session", "pk": "bga8laan33kju3cnna4wwonfq5ybe1zb", "fields": {"session_data": "NGNhZjRiOTQ5MzU1OGEyNWJiYzk4MmY0YjJjNmNjZmRjZTg2YTcyOTp7Il9hdXRoX3VzZXJfaWQiOiIxIiwiX2F1dGhfdXNlcl9iYWNrZW5kIjoiZGphbmdvLmNvbnRyaWIuYXV0aC5iYWNrZW5kcy5Nb2RlbEJhY2tlbmQiLCJfYXV0aF91c2VyX2hhc2giOiI0ZThjNzEwZTFjYzNjZjEzMDJiZTlkMmUyZDQ5NjBmMWNmZjRmNjFhIiwiX3Nlc3Npb25faW5pdF90aW1lc3RhbXBfIjoxNTg4MDI3MTQ5LjU5NzU3NjR9", "expire_date": "2020-05-11T22:39:09.597Z"}}, {"model": "sessions.session", "pk": "bmctlhmihd9lsvqedig58bidlswrf2f8", "fields": {"session_data": "ZThjNGJmOGIzNzlkZmY1NzE0NTlhYzM1MmVjN2FkNWE3Yjk2NTViNjp7Il9hdXRoX3VzZXJfaWQiOiIxIiwiX2F1dGhfdXNlcl9iYWNrZW5kIjoiZGphbmdvLmNvbnRyaWIuYXV0aC5iYWNrZW5kcy5Nb2RlbEJhY2tlbmQiLCJfYXV0aF91c2VyX2hhc2giOiI0YzNiNTczYmQ4Yjc5NDYwOWVhNWU3NTY1NjIwYTM4ODM3YmU4YTI0IiwiX3Nlc3Npb25faW5pdF90aW1lc3RhbXBfIjoxNTkxNjc4ODIyLjY1NDMyNjd9", "expire_date": "2020-06-23T05:00:22.723Z"}}, {"model": "sessions.session", "pk": "bmdapwjo719rpb6wap986exc21j8mcse", "fields": {"session_data": "ZWIwOTM5YTAxZDgwOTM3YjYwZjEyM2IzYzA0ZTIwZDQ4Y2JlOTRkMjp7Il9zZXNzaW9uX2luaXRfdGltZXN0YW1wXyI6MTU5MjU4NzkwMy44NTYxNDYzLCJfYXV0aF91c2VyX2lkIjoiNDIiLCJfYXV0aF91c2VyX2JhY2tlbmQiOiJhbGxhdXRoLmFjY291bnQuYXV0aF9iYWNrZW5kcy5BdXRoZW50aWNhdGlvbkJhY2tlbmQiLCJfYXV0aF91c2VyX2hhc2giOiJmZTZiNjU1OWY5ZjkwZDcxZDk1MTBiODAzMGQ4NmNkZjQ2NjM0OTEzIn0=", "expire_date": "2020-07-03T17:31:43.876Z"}}, {"model": "sessions.session", "pk": "bnh36s0pg6nhoom2krer4rznrn361iwf", "fields": {"session_data": "Mjc0ZDYyMmE4NjgzNDQ1M2NhODc3NmVhZTczMzUzNjUzOThjNDNhZDp7Il9hdXRoX3VzZXJfaWQiOiI4IiwiX2F1dGhfdXNlcl9iYWNrZW5kIjoiZGphbmdvLmNvbnRyaWIuYXV0aC5iYWNrZW5kcy5Nb2RlbEJhY2tlbmQiLCJfYXV0aF91c2VyX2hhc2giOiJjNjBmNmViOTEwNDE5N2QwOTI4N2NiYTgxNjIxNWU3NDU1YzdlMGQ5IiwiX3Nlc3Npb25faW5pdF90aW1lc3RhbXBfIjoxNTY4OTM3MDM4Ljg2MTExNzZ9", "expire_date": "2019-10-03T23:50:38.871Z"}}, {"model": "sessions.session", "pk": "bucmfvgwh32q7rgz5gdxrpra7mb7zlb5", "fields": {"session_data": "NDA3YTZmMmNjMjBlOWVjM2NkYTkzNzdhNWI3MTg4OGVjYmZmNjYxNzp7Il9hdXRoX3VzZXJfaWQiOiIxIiwiX2F1dGhfdXNlcl9iYWNrZW5kIjoiZGphbmdvLmNvbnRyaWIuYXV0aC5iYWNrZW5kcy5Nb2RlbEJhY2tlbmQiLCJfYXV0aF91c2VyX2hhc2giOiI0OTdmMTZlMTJlNjdkYjMwMGJiM2M3MjlhMTNkMjAxNGRiMzM3MWQwIiwiX3Nlc3Npb25faW5pdF90aW1lc3RhbXBfIjoxNTg1MDA4Mjk0LjgwNzAxNjh9", "expire_date": "2020-04-07T00:04:54.810Z"}}, {"model": "sessions.session", "pk": "cpa6ubaw9zbqhqkwvhare9bb1atpe177", "fields": {"session_data": "NDkyYzg3YTI5MTQxMTg3MmIyYmRmYjUwMGFhMTZjOGFiNmRmZWRkMjp7Il9hdXRoX3VzZXJfaWQiOiIxIiwiX2F1dGhfdXNlcl9iYWNrZW5kIjoiZGphbmdvLmNvbnRyaWIuYXV0aC5iYWNrZW5kcy5Nb2RlbEJhY2tlbmQiLCJfYXV0aF91c2VyX2hhc2giOiI0YzNiNTczYmQ4Yjc5NDYwOWVhNWU3NTY1NjIwYTM4ODM3YmU4YTI0IiwiX3Nlc3Npb25faW5pdF90aW1lc3RhbXBfIjoxNTkxMzIwMzcxLjAzODIyMjZ9", "expire_date": "2020-06-19T01:26:11.038Z"}}, {"model": "sessions.session", "pk": "crf2qdnn2c61rq9655a9bef1zxwx1d13", "fields": {"session_data": "MTdkMTM2ZDA2NGJjZTM5YjRmMDMwMTQ1MWJhZmI2MzZmMDk3OTM4NTp7Il9zZXNzaW9uX2luaXRfdGltZXN0YW1wXyI6MTU3MTU5NDU4Ny45MzQ2Njg1fQ==", "expire_date": "2019-11-03T18:03:07.945Z"}}, {"model": "sessions.session", "pk": "dnp4zalbfqewa0nfg8aigw8owggz7y43", "fields": {"session_data": "OTNkMWI3YmUyMmIxNGZkNzBkODkxMzc5M2E3MDE3YTQ5NmM2YjAzMjp7Il9hdXRoX3VzZXJfaWQiOiI0NCIsIl9hdXRoX3VzZXJfYmFja2VuZCI6ImRqYW5nby5jb250cmliLmF1dGguYmFja2VuZHMuTW9kZWxCYWNrZW5kIiwiX2F1dGhfdXNlcl9oYXNoIjoiNmFiMDM2YzQyMTI0NTJkZTQyM2VlMjIzZDkzMWIyODE0NDI3YzEyYSIsIl9zZXNzaW9uX2luaXRfdGltZXN0YW1wXyI6MTU5MTY1MTE3Ni41NzgyMDc3fQ==", "expire_date": "2020-06-22T21:19:36.578Z"}}, {"model": "sessions.session", "pk": "eridjesjzju30uniu6c98esnxs4jnu8w", "fields": {"session_data": "OGMwYTkxYWRjNWQwZTU5M2JiN2MxM2QyMWFkYjI5OGZmODY3NDUwZDp7Il9hdXRoX3VzZXJfaWQiOiIxIiwiX2F1dGhfdXNlcl9iYWNrZW5kIjoiZGphbmdvLmNvbnRyaWIuYXV0aC5iYWNrZW5kcy5Nb2RlbEJhY2tlbmQiLCJfYXV0aF91c2VyX2hhc2giOiI0YzNiNTczYmQ4Yjc5NDYwOWVhNWU3NTY1NjIwYTM4ODM3YmU4YTI0IiwiX3Nlc3Npb25faW5pdF90aW1lc3RhbXBfIjoxNTkxNTgwMDgzLjMyNDAzMDJ9", "expire_date": "2020-06-22T01:34:43.339Z"}}, {"model": "sessions.session", "pk": "euk9ylh7m3cq5n40mqyx2gkxvl7w324x", "fields": {"session_data": "MTIwYTU4NDMyMGNhYTZlNTNlMjE1Mjg4ZWUxNjE0ODI2NTZiZGYzZjp7Il9hdXRoX3VzZXJfaWQiOiIzNiIsIl9hdXRoX3VzZXJfYmFja2VuZCI6ImRqYW5nby5jb250cmliLmF1dGguYmFja2VuZHMuTW9kZWxCYWNrZW5kIiwiX2F1dGhfdXNlcl9oYXNoIjoiMjFkOTkyMDgyOTgxNGIzZGM1Mzc2OWMyYjRkYWUzYjY2Yzc1MWNmNSIsIl9zZXNzaW9uX2luaXRfdGltZXN0YW1wXyI6MTU4ODI2NzE2OS41MDQwNzZ9", "expire_date": "2020-05-14T17:19:29.504Z"}}, {"model": "sessions.session", "pk": "fewunyfat0qyzlscx7csb56b15fkwkhf", "fields": {"session_data": "NTUxYTZlZTU3NzMwZDk5YmIxNjBjNzZlMTQ2OTRjMjI3YzMxMzNlNzp7Il9hdXRoX3VzZXJfaWQiOiI0NiIsIl9hdXRoX3VzZXJfYmFja2VuZCI6ImRqYW5nby5jb250cmliLmF1dGguYmFja2VuZHMuTW9kZWxCYWNrZW5kIiwiX2F1dGhfdXNlcl9oYXNoIjoiOGNiOGJjMWQ0ZGI3MDQwNWIzOWI0OTkzZmZhZGU3OWQ1ZjJkYWJhMSIsIl9zZXNzaW9uX2luaXRfdGltZXN0YW1wXyI6MTU5MTczODA4MS4wNDE0MjQzfQ==", "expire_date": "2020-06-23T21:28:01.057Z"}}, {"model": "sessions.session", "pk": "fq2pgp7tyrv1iykjaur523r1ncgnc0ly", "fields": {"session_data": "Y2NhNTRhMTJiZjg1ZjI5ZTU1NWY4MWNjOWZlYjMwZWE0YzVmNzZiMDp7Il9hdXRoX3VzZXJfaWQiOiI4IiwiX2F1dGhfdXNlcl9iYWNrZW5kIjoiZGphbmdvLmNvbnRyaWIuYXV0aC5iYWNrZW5kcy5Nb2RlbEJhY2tlbmQiLCJfYXV0aF91c2VyX2hhc2giOiIwYzFmNTJmODAxMGU0OTQyMDE3MDhjY2NmN2NiMjZiNjU5MGNmYjBhIiwiX3Nlc3Npb25faW5pdF90aW1lc3RhbXBfIjoxNTcxNzE0NTA5LjI3MDk5MTh9", "expire_date": "2019-11-05T03:21:49.286Z"}}, {"model": "sessions.session", "pk": "fqucukt4aboo5ir5p1dvz6zu6bubzumk", "fields": {"session_data": "OGQ2NzVkYzNlYWE3MTNiM2ExYzhhM2MxYThiN2IyMWVmMTQxMGU5ODp7Il9hdXRoX3VzZXJfaWQiOiIxIiwiX2F1dGhfdXNlcl9iYWNrZW5kIjoiZGphbmdvLmNvbnRyaWIuYXV0aC5iYWNrZW5kcy5Nb2RlbEJhY2tlbmQiLCJfYXV0aF91c2VyX2hhc2giOiJjM2QzNWJlN2JhZjdjMTEwY2YwMjQ0ZWM2OTk2NjFmMTBhYjVmMmFhIiwiX3Nlc3Npb25faW5pdF90aW1lc3RhbXBfIjoxNTkwOTkyODk4LjExNDg0MDV9", "expire_date": "2020-06-15T06:28:18.130Z"}}, {"model": "sessions.session", "pk": "g14wt1lcrf98xacpmxhquizfnrf4k48v", "fields": {"session_data": "YjJmN2Q5NDFkMjVkZjYyYTRiOTA1YjJhNjZlZGI4Y2E1NWM5OThkMzp7Il9hdXRoX3VzZXJfaWQiOiIyMiIsIl9hdXRoX3VzZXJfYmFja2VuZCI6ImRqYW5nby5jb250cmliLmF1dGguYmFja2VuZHMuTW9kZWxCYWNrZW5kIiwiX2F1dGhfdXNlcl9oYXNoIjoiMjI1ODU1N2M5OWNhY2Y3NzRkYTJmZTIyNzg4ODMyMTNlYzc2ZjQwZiIsIl9zZXNzaW9uX2luaXRfdGltZXN0YW1wXyI6MTU5MTI5Njc1MS41MzMwMjE3fQ==", "expire_date": "2020-06-18T18:52:31.548Z"}}, {"model": "sessions.session", "pk": "g5ere7cz88hruav7e44nyi2xgh4v1iyl", "fields": {"session_data": "ZTQ5M2Q2MGU1NDRhOGNkOGRiMmY5YTk0ODI3MTNkOWQ2OGMwMjA4Njp7Il9hdXRoX3VzZXJfaWQiOiIxIiwiX2F1dGhfdXNlcl9iYWNrZW5kIjoiZGphbmdvLmNvbnRyaWIuYXV0aC5iYWNrZW5kcy5Nb2RlbEJhY2tlbmQiLCJfYXV0aF91c2VyX2hhc2giOiIxNzdmZWY4NjkxYTllMzMwZmM3ODIyYzQ5ZjMzYzU4ODNmZWFjMjM0IiwiX3Nlc3Npb25faW5pdF90aW1lc3RhbXBfIjoxNTgzMTk4MjA1LjY0ODk4ODJ9", "expire_date": "2020-03-17T01:16:45.652Z"}}, {"model": "sessions.session", "pk": "g93w1hjuclax7y78b54qhp6t02clauco", "fields": {"session_data": "YTVjNjA4OTJhNDExNGUyM2U5NzFkM2FjYTAyY2ZiNWFmYTJmMDA4ZDp7InNvY2lhbGFjY291bnRfc3RhdGUiOlt7InByb2Nlc3MiOiJsb2dpbiIsInNjb3BlIjoiIiwiYXV0aF9wYXJhbXMiOiIifSwiMEdiYWZSYVR2MG1GIl19", "expire_date": "2020-07-02T22:03:59.294Z"}}, {"model": "sessions.session", "pk": "gi5l8eunrl230tfl5jxeij3txv9jlfs9", "fields": {"session_data": "OWUxOWY3NzY0NDk2NTRmMDM2ZDBkMzU0MWZlYTQxNzU5YzEwYTJhNjp7Il9zZXNzaW9uX2luaXRfdGltZXN0YW1wXyI6MTU5MTgyMjE0Ni43MjQyMzg5LCJfYXV0aF91c2VyX2lkIjoiNDMiLCJfYXV0aF91c2VyX2JhY2tlbmQiOiJkamFuZ28uY29udHJpYi5hdXRoLmJhY2tlbmRzLk1vZGVsQmFja2VuZCIsIl9hdXRoX3VzZXJfaGFzaCI6IjNkYWFkNGI2MTMxNzRhMjYyYTg0YzNiMjJhOTc5MDcwNDAwMjZlOWMifQ==", "expire_date": "2020-06-24T20:49:06.751Z"}}, {"model": "sessions.session", "pk": "gqhhvbpjkn1dcj3ydwdvcywaz4uudkcq", "fields": {"session_data": "NTVkNDMxYjI5MmJmNjI3MzBhYTMwNjRmODYyNjIzMmFkNTE1YjMxYzp7Il9hdXRoX3VzZXJfaWQiOiIxIiwiX2F1dGhfdXNlcl9iYWNrZW5kIjoiZGphbmdvLmNvbnRyaWIuYXV0aC5iYWNrZW5kcy5Nb2RlbEJhY2tlbmQiLCJfYXV0aF91c2VyX2hhc2giOiIxNzdmZWY4NjkxYTllMzMwZmM3ODIyYzQ5ZjMzYzU4ODNmZWFjMjM0IiwiX3Nlc3Npb25faW5pdF90aW1lc3RhbXBfIjoxNTg0NjQzMzk2LjA3NDI4NDZ9", "expire_date": "2020-04-02T18:43:16.077Z"}}, {"model": "sessions.session", "pk": "gs0knq4ru7i2l1homim7qxpw12v04v9g", "fields": {"session_data": "NGM4MTJjNzFiNzNmZDA0NDhmMmMxMzI5NDhmZjU1YzJlYTY4ZGFiMzp7InNvY2lhbGFjY291bnRfc3RhdGUiOlt7InByb2Nlc3MiOiJsb2dpbiIsInNjb3BlIjoiIiwiYXV0aF9wYXJhbXMiOiIifSwia004TDlxNnhCOWlvIl19", "expire_date": "2020-07-02T21:07:05.814Z"}}, {"model": "sessions.session", "pk": "gvzhd8d1vguiutccz3vnb2fz5d0smhac", "fields": {"session_data": "OTY3MjM4MGJkODYwMDdiNzA4MTNhNzM4NzY0ZTUxZjBlOGE3ODg4NDp7Il9hdXRoX3VzZXJfaWQiOiI0MyIsIl9hdXRoX3VzZXJfYmFja2VuZCI6ImRqYW5nby5jb250cmliLmF1dGguYmFja2VuZHMuTW9kZWxCYWNrZW5kIiwiX2F1dGhfdXNlcl9oYXNoIjoiYjQyMzkwYjg2YjdkYmQ2NjY4NTAzNjcwYzI5ZGRlZTdlMDk4ZDhmNiIsIl9zZXNzaW9uX2luaXRfdGltZXN0YW1wXyI6MTU5MTczMTc1OC45NDIzMjc1fQ==", "expire_date": "2020-06-23T19:42:38.942Z"}}, {"model": "sessions.session", "pk": "hrg8q8q3usyd7vy5u32ai3omc6noh2ot", "fields": {"session_data": "MGEwMjk1NTA3MjZmY2Y4ZTM5ZjdhYWI3YWM4YjFhMjdiNjg1NjM1MDp7Il9hdXRoX3VzZXJfaWQiOiIxIiwiX2F1dGhfdXNlcl9iYWNrZW5kIjoiZGphbmdvLmNvbnRyaWIuYXV0aC5iYWNrZW5kcy5Nb2RlbEJhY2tlbmQiLCJfYXV0aF91c2VyX2hhc2giOiJhODkxNzczYzE0ZTcwNTMyOWI2MWRlMDk4ODFlYmEzNmZiMGQ2NDgzIiwiX3Nlc3Npb25faW5pdF90aW1lc3RhbXBfIjoxNTkwNjk3Njg4LjQyNjYyOTV9", "expire_date": "2020-06-11T20:28:08.426Z"}}, {"model": "sessions.session", "pk": "i3goddo9tmqzudkt0wgyzn1btx40u230", "fields": {"session_data": "OGVhOTBmMzYwMTg3ZjgyYmRjNzg2MjQyOWJhN2I3NGZmY2JkMmM2Zjp7Il9zZXNzaW9uX2luaXRfdGltZXN0YW1wXyI6MTU3MTUwODEyMi42NDI3MDYyfQ==", "expire_date": "2019-11-02T18:02:02.649Z"}}, {"model": "sessions.session", "pk": "icq8ai8pifbes8psoitwkzalinr5b48a", "fields": {"session_data": "NmNiYjA4YjNmMzNiZmQ5NmU3ZjE4N2U1MjE1OTg3NDQwNTMxYWY4Yjp7Il9zZXNzaW9uX2luaXRfdGltZXN0YW1wXyI6MTU4MzQ2Njc4NC4zMjg4NzQ2LCJfYXV0aF91c2VyX2lkIjoiMTYiLCJfYXV0aF91c2VyX2JhY2tlbmQiOiJkamFuZ28uY29udHJpYi5hdXRoLmJhY2tlbmRzLk1vZGVsQmFja2VuZCIsIl9hdXRoX3VzZXJfaGFzaCI6Ijg2YmYxOWM2ODFiNjFjZWZjYzcyZmIzOWI4YmNkY2E3OTZjYTM1ZjAifQ==", "expire_date": "2020-03-20T03:53:04.337Z"}}, {"model": "sessions.session", "pk": "iqawifagnmmqmjgzmb3c382x5lbu2u7o", "fields": {"session_data": "NGFlOTgwMjcwOGVkNTFmZDM0Yzg0MzUwZDNmYzNkYjM3ODYxZmMxYjp7Il9hdXRoX3VzZXJfaWQiOiIzMCIsIl9hdXRoX3VzZXJfYmFja2VuZCI6ImRqYW5nby5jb250cmliLmF1dGguYmFja2VuZHMuTW9kZWxCYWNrZW5kIiwiX2F1dGhfdXNlcl9oYXNoIjoiYWU5M2U5MTU3ZGZmYzc0MWZhNGM5NjY0OWZjMzUwMjVhODI5YWE5MyIsIl9zZXNzaW9uX2luaXRfdGltZXN0YW1wXyI6MTU4NTUzNzg3OS4zNTQxMTgzfQ==", "expire_date": "2020-04-13T03:11:19.369Z"}}, {"model": "sessions.session", "pk": "iyzahb6kn0lmshksec984eyg83fa27lx", "fields": {"session_data": "NThlMDk3YTMzZDM2YjlkNDRjOWY0MjE5ZDk2N2UzMmQ0MWM3NjI4Mzp7InNvY2lhbGFjY291bnRfc3RhdGUiOlt7InByb2Nlc3MiOiJsb2dpbiIsInNjb3BlIjoiIiwiYXV0aF9wYXJhbXMiOiIifSwiRDRjaFVOQW12Y2ZPIl19", "expire_date": "2020-07-02T21:26:56.170Z"}}, {"model": "sessions.session", "pk": "j2l23b4l8qqmc3bgz1ewcdk9ect7ol0j", "fields": {"session_data": "YjNiMTMwNTJlMzg2NmNhMjkzNzk4YzE5ZTA1NTJjYmUzOGZjNzBkYTp7Il9hdXRoX3VzZXJfaWQiOiIxIiwiX2F1dGhfdXNlcl9iYWNrZW5kIjoiZGphbmdvLmNvbnRyaWIuYXV0aC5iYWNrZW5kcy5Nb2RlbEJhY2tlbmQiLCJfYXV0aF91c2VyX2hhc2giOiI0YzNiNTczYmQ4Yjc5NDYwOWVhNWU3NTY1NjIwYTM4ODM3YmU4YTI0In0=", "expire_date": "2020-06-18T17:46:00.018Z"}}, {"model": "sessions.session", "pk": "jajlbpw9tjqlqsg7fuqgjjjzhxvqvu2j", "fields": {"session_data": "OTQzYmNkZGZiNWY3MTQ4YTY2M2MxMzUzM2JmYjg0ZDg5MmZiYjUyMTp7Il9hdXRoX3VzZXJfaWQiOiIxIiwiX2F1dGhfdXNlcl9iYWNrZW5kIjoiZGphbmdvLmNvbnRyaWIuYXV0aC5iYWNrZW5kcy5Nb2RlbEJhY2tlbmQiLCJfYXV0aF91c2VyX2hhc2giOiI0ZThjNzEwZTFjYzNjZjEzMDJiZTlkMmUyZDQ5NjBmMWNmZjRmNjFhIiwiX3Nlc3Npb25faW5pdF90aW1lc3RhbXBfIjoxNTg5NDA0ODQ0LjA0OTczNzd9", "expire_date": "2020-05-27T21:20:44.112Z"}}, {"model": "sessions.session", "pk": "jzusk7whwaybwhzathw1r9crzknyrqno", "fields": {"session_data": "MmY2ZGE5YmIyZjMwMjNlNTZiMTYyNmJkNjA3NTA1ZTdjMTgxMzljYzp7InNvY2lhbGFjY291bnRfc3RhdGUiOlt7InByb2Nlc3MiOiJsb2dpbiIsInNjb3BlIjoiIiwiYXV0aF9wYXJhbXMiOiIifSwiTTAwWTdBczFXVUNKIl19", "expire_date": "2020-07-02T21:24:25.614Z"}}, {"model": "sessions.session", "pk": "k2rkccf5lz0162upxy4uy01td6afdx3g", "fields": {"session_data": "OTdkMzAwOGRkOTRlMjcyZjVlNTQ0MmY2NzY5YzFiZmY1MzhiYzI2Yjp7InNvY2lhbGFjY291bnRfc3RhdGUiOlt7InByb2Nlc3MiOiJsb2dpbiIsInNjb3BlIjoiIiwiYXV0aF9wYXJhbXMiOiIifSwicGl2bkpaSzZITUJjIl19", "expire_date": "2020-07-02T22:03:48.560Z"}}, {"model": "sessions.session", "pk": "k5vcjng9fgbpo52j8ct0hdn33qi8nkyo", "fields": {"session_data": "ZTU1YmFkM2JkNDAzZjkzYTM3YTIxMDY5NmM0N2M4OGU2M2NjOTRlNDp7Il9hdXRoX3VzZXJfaWQiOiIxIiwiX2F1dGhfdXNlcl9iYWNrZW5kIjoiZGphbmdvLmNvbnRyaWIuYXV0aC5iYWNrZW5kcy5Nb2RlbEJhY2tlbmQiLCJfYXV0aF91c2VyX2hhc2giOiJhOWExNGFkYTcxZDk2ZWFmNTcwM2NjYjlmNmQyMWY4NTI5NDU2YTljIiwiX3Nlc3Npb25faW5pdF90aW1lc3RhbXBfIjoxNTkwODU2NjI0LjUzODMzMDZ9", "expire_date": "2020-06-13T16:37:04.538Z"}}, {"model": "sessions.session", "pk": "k9aatb65w5vah7pda0w7895y5in8lpni", "fields": {"session_data": "MGZkMmY5ZmQ5YzA0ZjU1OGQxNGUzYjcxZDBjZWZmOTQyMTk1NGIwNjp7InNvY2lhbGFjY291bnRfc3RhdGUiOlt7InByb2Nlc3MiOiJsb2dpbiIsInNjb3BlIjoiIiwiYXV0aF9wYXJhbXMiOiIifSwiQ0praTh0dzExeks5Il19", "expire_date": "2020-07-02T21:24:18.133Z"}}, {"model": "sessions.session", "pk": "kal7qo0e69izqxf38rv7w086lej5ibma", "fields": {"session_data": "OGJmZjBkNjVhNDU0NjAxZjEyOWExNjNiZTg3ODk3NmE2NjFmMjc2ODp7Il9hdXRoX3VzZXJfaWQiOiIxIiwiX2F1dGhfdXNlcl9iYWNrZW5kIjoiZGphbmdvLmNvbnRyaWIuYXV0aC5iYWNrZW5kcy5Nb2RlbEJhY2tlbmQiLCJfYXV0aF91c2VyX2hhc2giOiJhODkxNzczYzE0ZTcwNTMyOWI2MWRlMDk4ODFlYmEzNmZiMGQ2NDgzIiwiX3Nlc3Npb25faW5pdF90aW1lc3RhbXBfIjoxNTkwNjk5NzcyLjA0MzAzMDd9", "expire_date": "2020-06-11T21:02:52.058Z"}}, {"model": "sessions.session", "pk": "khlkz0tm4etsely4p5xcjdexpepuuu7z", "fields": {"session_data": "NjFkMTZhYzYzOGZlNWQzMDUxNjk4MzU2ZWM2YmQ5YWNhMjcxYzAyMDp7InNvY2lhbGFjY291bnRfc3RhdGUiOlt7InByb2Nlc3MiOiJsb2dpbiIsInNjb3BlIjoiIiwiYXV0aF9wYXJhbXMiOiIifSwiclRNTU5mdlprWmdrIl19", "expire_date": "2020-07-02T21:23:47.964Z"}}, {"model": "sessions.session", "pk": "kigejya692o21wtz3ogxohje1o8nez07", "fields": {"session_data": "ZTgyYmFjODY4YjJiYmYwZDAxNTFhNDJlNmZjZmFkZDIzYzZmOWU5NDp7Il9hdXRoX3VzZXJfaWQiOiI0MyIsIl9hdXRoX3VzZXJfYmFja2VuZCI6ImRqYW5nby5jb250cmliLmF1dGguYmFja2VuZHMuTW9kZWxCYWNrZW5kIiwiX2F1dGhfdXNlcl9oYXNoIjoiYmYzMTY5NjY5MWZiOWRjYTBjZDA5YmU5NGNjODFkM2FiMmNmMzc4YSIsIl9zZXNzaW9uX2luaXRfdGltZXN0YW1wXyI6MTU5MjE4MjM4Mi42OTAxNjZ9", "expire_date": "2020-06-29T00:53:02.705Z"}}, {"model": "sessions.session", "pk": "kjuqf2pd0zp47x1irm9awzr91py56fek", "fields": {"session_data": "ODAyZGQ3OWQ1M2NjYjAxMGJjMTczMTQ1ZGFlOWUwZWQ1NTQ1ZDAzODp7Il9hdXRoX3VzZXJfaWQiOiI4IiwiX2F1dGhfdXNlcl9iYWNrZW5kIjoiZGphbmdvLmNvbnRyaWIuYXV0aC5iYWNrZW5kcy5Nb2RlbEJhY2tlbmQiLCJfYXV0aF91c2VyX2hhc2giOiJjNjBmNmViOTEwNDE5N2QwOTI4N2NiYTgxNjIxNWU3NDU1YzdlMGQ5IiwiX3Nlc3Npb25faW5pdF90aW1lc3RhbXBfIjoxNTY4OTM4MDgxLjczNTU0Mn0=", "expire_date": "2019-10-04T00:08:01.746Z"}}, {"model": "sessions.session", "pk": "kof5qodsk1vk722r4mjhi3p4vqo2h7ty", "fields": {"session_data": "MTIyOGM1MjJhNjM1MGE3YWU0OGMyZWE1MGQ0YzVjMTE4NGUxNTJjZjp7Il9hdXRoX3VzZXJfaWQiOiI4IiwiX2F1dGhfdXNlcl9iYWNrZW5kIjoiZGphbmdvLmNvbnRyaWIuYXV0aC5iYWNrZW5kcy5Nb2RlbEJhY2tlbmQiLCJfYXV0aF91c2VyX2hhc2giOiJjNjBmNmViOTEwNDE5N2QwOTI4N2NiYTgxNjIxNWU3NDU1YzdlMGQ5IiwiX3Nlc3Npb25faW5pdF90aW1lc3RhbXBfIjoxNTY4OTM4MjA4LjIwODI2NjN9", "expire_date": "2019-10-04T00:10:08.210Z"}}, {"model": "sessions.session", "pk": "kxl08l31rsv0y74iuczyq08wi897b6ry", "fields": {"session_data": "MTI1ZDQzYTBjYjIwNDU3ZWM3YWVjYjYyMDE5ODI1MGI3M2I4ODE3ODp7InNvY2lhbGFjY291bnRfc3RhdGUiOlt7InByb2Nlc3MiOiJsb2dpbiIsInNjb3BlIjoiIiwiYXV0aF9wYXJhbXMiOiIifSwiYkxFSU44NmhKWmthIl19", "expire_date": "2020-07-02T21:07:41.137Z"}}, {"model": "sessions.session", "pk": "ns6pk780a6t9hzbtzrwkupftc7xyzqff", "fields": {"session_data": "MmFiYWRmMzQwMWVjYjczOWI2NWM4YzA5MWIzYmE3YmI2MTQxNTFlYjp7Il9hdXRoX3VzZXJfaWQiOiIzNCIsIl9hdXRoX3VzZXJfYmFja2VuZCI6ImRqYW5nby5jb250cmliLmF1dGguYmFja2VuZHMuTW9kZWxCYWNrZW5kIiwiX2F1dGhfdXNlcl9oYXNoIjoiZjkyMTY0MGMzMjQzNWU4MDBkY2I0ZjJhZTNkNTBmN2U4Mjc5OTExYyIsIl9zZXNzaW9uX2luaXRfdGltZXN0YW1wXyI6MTU5MTE0Njk0NS4xMzE2ODQzfQ==", "expire_date": "2020-06-17T01:15:45.147Z"}}, {"model": "sessions.session", "pk": "nve4q1mr8ymgyp2gna3da5yw7vs82y7j", "fields": {"session_data": "YWVkZjhkYjQ2ZmY3YTBlMzY4ODk0YzRkNjY4ZmE2MjI1NjMyOTkzNzp7Il9hdXRoX3VzZXJfaWQiOiI4IiwiX2F1dGhfdXNlcl9iYWNrZW5kIjoiZGphbmdvLmNvbnRyaWIuYXV0aC5iYWNrZW5kcy5Nb2RlbEJhY2tlbmQiLCJfYXV0aF91c2VyX2hhc2giOiJjNjBmNmViOTEwNDE5N2QwOTI4N2NiYTgxNjIxNWU3NDU1YzdlMGQ5IiwiX3Nlc3Npb25faW5pdF90aW1lc3RhbXBfIjoxNTY5Njk2NjU5Ljk5Nzc0OX0=", "expire_date": "2019-10-12T18:51:00Z"}}, {"model": "sessions.session", "pk": "nxrqnokr6ktk5z7oqxewtfhklz4oieqe", "fields": {"session_data": "YmFkYTBiNDdjZTAwMjljM2U3OGYzOGQ1NTRiZmMzODEwOTMzOTUzMjp7InNvY2lhbGFjY291bnRfc3RhdGUiOlt7InByb2Nlc3MiOiJsb2dpbiIsInNjb3BlIjoiIiwiYXV0aF9wYXJhbXMiOiIifSwiVkY2YmJFQ0U0eEIxIl19", "expire_date": "2020-07-02T21:19:21.354Z"}}, {"model": "sessions.session", "pk": "o6ktu1xljxe8tls47inybxkv6djlt14p", "fields": {"session_data": "NGViYmIxNDk4Yzc0YWJkMjFlMDczMzRmMGRlYjAzMzYwMjM4Y2QzODp7Il9hdXRoX3VzZXJfaWQiOiIyNyIsIl9hdXRoX3VzZXJfYmFja2VuZCI6ImRqYW5nby5jb250cmliLmF1dGguYmFja2VuZHMuTW9kZWxCYWNrZW5kIiwiX2F1dGhfdXNlcl9oYXNoIjoiZTVmMGQzM2U3MTRhMTgwYWUwYjI0NmJkNzY1NTRiY2MwYmVjOTVlNiIsIl9zZXNzaW9uX2luaXRfdGltZXN0YW1wXyI6MTU4NDk4MjkzMS40ODcyNjUzfQ==", "expire_date": "2020-04-06T17:02:11.506Z"}}, {"model": "sessions.session", "pk": "ocxudacowyw5h88rb8t0a2q0qbqpa40p", "fields": {"session_data": "MmVmYmE2MGU2YmFlMmU5NjY5M2YxNjQ4NGM3NDBhNGMzZDNiZTg1MTp7Il9zZXNzaW9uX2luaXRfdGltZXN0YW1wXyI6MTU5MjcwMDc1MS44OTMxMzQ2LCJfYXV0aF91c2VyX2lkIjoiNDMiLCJfYXV0aF91c2VyX2JhY2tlbmQiOiJhbGxhdXRoLmFjY291bnQuYXV0aF9iYWNrZW5kcy5BdXRoZW50aWNhdGlvbkJhY2tlbmQiLCJfYXV0aF91c2VyX2hhc2giOiJiZjMxNjk2NjkxZmI5ZGNhMGNkMDliZTk0Y2M4MWQzYWIyY2YzNzhhIn0=", "expire_date": "2020-07-05T00:52:31.940Z"}}, {"model": "sessions.session", "pk": "ot68m7ldou7ejwq36ntpfj0v1wgpg70n", "fields": {"session_data": "MmRjYzNjNjI1ODg2NmVkMTFiNzg5MDBlYmMwY2VhOThiOGJkYTRiNTp7Il9hdXRoX3VzZXJfaWQiOiI0OCIsIl9hdXRoX3VzZXJfYmFja2VuZCI6ImRqYW5nby5jb250cmliLmF1dGguYmFja2VuZHMuTW9kZWxCYWNrZW5kIiwiX2F1dGhfdXNlcl9oYXNoIjoiMDEzM2JhMWFlOTFlNGZiNzlmMGExZjRiMDA2YTRhM2JmZDdkMzFlMSIsIl9zZXNzaW9uX2luaXRfdGltZXN0YW1wXyI6MTU5MTgxMjc3OS40Nzk2OTYzfQ==", "expire_date": "2020-06-24T18:12:59.495Z"}}, {"model": "sessions.session", "pk": "oyiwsdcg5mx02euhzqo4by35z8qstv01", "fields": {"session_data": "ZTg0OTM0ZGY3NzZlMDg3Njk1NDZiYTA3OThiYmYxOWVmYmIzYzg3Yjp7InNvY2lhbGFjY291bnRfc3RhdGUiOlt7InByb2Nlc3MiOiJsb2dpbiIsInNjb3BlIjoiIiwiYXV0aF9wYXJhbXMiOiIifSwiSmlvUlhBdXNWeVdDIl19", "expire_date": "2020-07-02T21:27:41.246Z"}}, {"model": "sessions.session", "pk": "p0hjis7p7jrd29k8qrbfohsh0oqd0kab", "fields": {"session_data": "YzA4MjA3YmVhYzVkNzljNjk3NzFkN2Q1ZDllMWI0MGY0YTNhZDY2NDp7Il9hdXRoX3VzZXJfaWQiOiI4IiwiX2F1dGhfdXNlcl9iYWNrZW5kIjoiZGphbmdvLmNvbnRyaWIuYXV0aC5iYWNrZW5kcy5Nb2RlbEJhY2tlbmQiLCJfYXV0aF91c2VyX2hhc2giOiIwYzFmNTJmODAxMGU0OTQyMDE3MDhjY2NmN2NiMjZiNjU5MGNmYjBhIiwiX3Nlc3Npb25faW5pdF90aW1lc3RhbXBfIjoxNTcyMTA3NjA0LjIyNDc2fQ==", "expire_date": "2019-11-09T16:33:24.230Z"}}, {"model": "sessions.session", "pk": "qmxxz4c6q03s7l85xk84mxngkpbyimfm", "fields": {"session_data": "N2EzMmIxOGNkZWQ4OTIxMTBhZDMzYmNjYmRmMzY5MzAwMjM1Zjg2Nzp7Il9hdXRoX3VzZXJfaWQiOiI4IiwiX2F1dGhfdXNlcl9iYWNrZW5kIjoiZGphbmdvLmNvbnRyaWIuYXV0aC5iYWNrZW5kcy5Nb2RlbEJhY2tlbmQiLCJfYXV0aF91c2VyX2hhc2giOiJjNjBmNmViOTEwNDE5N2QwOTI4N2NiYTgxNjIxNWU3NDU1YzdlMGQ5IiwiX3Nlc3Npb25faW5pdF90aW1lc3RhbXBfIjoxNTY5NzAwNzQyLjUwMjg2NX0=", "expire_date": "2019-10-12T19:59:02.513Z"}}, {"model": "sessions.session", "pk": "quq1tzdru7kc78dh4764jqm6isqqd7f9", "fields": {"session_data": "YWE4OWYyZTE5OGY5NTk2NmQwOWFjN2FkNjdhMTQ5OWVkMzE5YmVmNzp7Il9hdXRoX3VzZXJfaWQiOiIxIiwiX2F1dGhfdXNlcl9iYWNrZW5kIjoiZGphbmdvLmNvbnRyaWIuYXV0aC5iYWNrZW5kcy5Nb2RlbEJhY2tlbmQiLCJfYXV0aF91c2VyX2hhc2giOiJlNzVjNDMwNDUyYmIxMDhkYmYwMzdmODJiYjdkMWIyMDE2MWVkNjc1IiwiX3Nlc3Npb25faW5pdF90aW1lc3RhbXBfIjoxNTkwMDAyNDQ3LjU3Mjg0MjF9", "expire_date": "2020-06-03T19:20:47.574Z"}}, {"model": "sessions.session", "pk": "rwjel6avju5gtn22d69x5szjk4hk7kft", "fields": {"session_data": "ZWUzM2EwZWMzMmZjZmFkZDRiNmVmNjA2OTBiMTNhMzgzZTA3OWJkYjp7Il9hdXRoX3VzZXJfaWQiOiI4IiwiX2F1dGhfdXNlcl9iYWNrZW5kIjoiZGphbmdvLmNvbnRyaWIuYXV0aC5iYWNrZW5kcy5Nb2RlbEJhY2tlbmQiLCJfYXV0aF91c2VyX2hhc2giOiIxMzcyMDBjYWE1NjQ3M2YyYmY3ODQxOTZjYmQyMDZlNmVlYzkyN2Y3IiwiX3Nlc3Npb25faW5pdF90aW1lc3RhbXBfIjoxNTcxNTA5MjQ4LjczMzAyMDh9", "expire_date": "2019-11-02T18:20:48.735Z"}}, {"model": "sessions.session", "pk": "s1wvinucsninikywmth43z5yc1ebey9z", "fields": {"session_data": "MWRlNmE4Zjc5OGJiZDdlNDAyNmVkYWY5YmVkODUwMTExNTAyNjQ4MDp7Il9hdXRoX3VzZXJfaWQiOiI4IiwiX2F1dGhfdXNlcl9iYWNrZW5kIjoiZGphbmdvLmNvbnRyaWIuYXV0aC5iYWNrZW5kcy5Nb2RlbEJhY2tlbmQiLCJfYXV0aF91c2VyX2hhc2giOiJjNjBmNmViOTEwNDE5N2QwOTI4N2NiYTgxNjIxNWU3NDU1YzdlMGQ5IiwiX3Nlc3Npb25faW5pdF90aW1lc3RhbXBfIjoxNTcwOTA2NDA3LjAzNzYxMjJ9", "expire_date": "2019-10-26T18:53:27.040Z"}}, {"model": "sessions.session", "pk": "s3e87kr647gis1gtjmdvwsr4u7tcc71s", "fields": {"session_data": "YzgwY2MzYTk1MWQxY2E0MDkxYzkwN2Q2Yjk1NzVmNzk5NTBmYjcyMDp7Il9hdXRoX3VzZXJfaWQiOiI0MyIsIl9hdXRoX3VzZXJfYmFja2VuZCI6ImRqYW5nby5jb250cmliLmF1dGguYmFja2VuZHMuTW9kZWxCYWNrZW5kIiwiX2F1dGhfdXNlcl9oYXNoIjoiM2RhYWQ0YjYxMzE3NGEyNjJhODRjM2IyMmE5NzkwNzA0MDAyNmU5YyIsIl9zZXNzaW9uX2luaXRfdGltZXN0YW1wXyI6MTU5MTg4OTA3Ni4zNzY0OTl9", "expire_date": "2020-06-25T15:24:36.376Z"}}, {"model": "sessions.session", "pk": "t4a4v6j97ql2ndi52mqec9nmnzxvqgda", "fields": {"session_data": "NmFkOThmZTJkMWNmMmU2MWM4Y2M5YzhlZTY4NGYxOTUyNzhlNGEzYzp7Il9hdXRoX3VzZXJfaWQiOiI4IiwiX2F1dGhfdXNlcl9iYWNrZW5kIjoiZGphbmdvLmNvbnRyaWIuYXV0aC5iYWNrZW5kcy5Nb2RlbEJhY2tlbmQiLCJfYXV0aF91c2VyX2hhc2giOiIwYzFmNTJmODAxMGU0OTQyMDE3MDhjY2NmN2NiMjZiNjU5MGNmYjBhIiwiX3Nlc3Npb25faW5pdF90aW1lc3RhbXBfIjoxNTcxODczMzQxLjY2NTMzOX0=", "expire_date": "2019-11-06T23:29:01.803Z"}}, {"model": "sessions.session", "pk": "tcyl9n7dny2jpgfohnjaj3i85fyv0ygq", "fields": {"session_data": "YzVjNTdkYWE1MmQwMjViODAxNDc3MWVhZjUxZDk4OTlmNDFjMmJkMzp7InNvY2lhbGFjY291bnRfc3RhdGUiOlt7InByb2Nlc3MiOiJsb2dpbiIsInNjb3BlIjoiIiwiYXV0aF9wYXJhbXMiOiIifSwibFhUMlVjbmFneWFHIl19", "expire_date": "2020-07-02T22:25:47.128Z"}}, {"model": "sessions.session", "pk": "w2svin7i1gaolxoh2u4wnmdzey35fh2r", "fields": {"session_data": "NjAxOGYwNzdhYzRiN2ZkNDU4ZDZjYWFhNGUwMjZiN2FmZmUyMTgyNTp7Il9hdXRoX3VzZXJfaWQiOiI4IiwiX2F1dGhfdXNlcl9iYWNrZW5kIjoiZGphbmdvLmNvbnRyaWIuYXV0aC5iYWNrZW5kcy5Nb2RlbEJhY2tlbmQiLCJfYXV0aF91c2VyX2hhc2giOiJjNjBmNmViOTEwNDE5N2QwOTI4N2NiYTgxNjIxNWU3NDU1YzdlMGQ5IiwiX3Nlc3Npb25faW5pdF90aW1lc3RhbXBfIjoxNTY4OTM5MTI2LjE0MTcyNDN9", "expire_date": "2019-10-04T00:25:26.151Z"}}, {"model": "sessions.session", "pk": "w40zsuv7q47ue58jh8b2q0104n04zfcx", "fields": {"session_data": "Yjc2MWU0NGJkZDIyMzQzZjE1M2NmMjE5M2U4MDc4MGE5Y2IwZTE0Yzp7Il9hdXRoX3VzZXJfaWQiOiI0OSIsIl9hdXRoX3VzZXJfYmFja2VuZCI6ImRqYW5nby5jb250cmliLmF1dGguYmFja2VuZHMuTW9kZWxCYWNrZW5kIiwiX2F1dGhfdXNlcl9oYXNoIjoiZmFkNTM2YzQ2NmNmMjk3ODMxY2RjMmQ3NTdhNGIwNTMxMjdiMmNmZiIsIl9zZXNzaW9uX2luaXRfdGltZXN0YW1wXyI6MTU5MTgxMjQ2MS4wMjQxNDA0fQ==", "expire_date": "2020-06-24T18:07:41.039Z"}}, {"model": "sessions.session", "pk": "wczua9c3cie4yn5wdtct1rc5lv2jtnea", "fields": {"session_data": "MTNjN2JkMWNlYWI4MDU3NzVjOTFhZWJmN2RiNGU0ZDRhYjU5MWZkODp7Il9zZXNzaW9uX2luaXRfdGltZXN0YW1wXyI6MTU5MjkyNzM0NS4xMTYyMTMsIl9hdXRoX3VzZXJfaWQiOiI0MyIsIl9hdXRoX3VzZXJfYmFja2VuZCI6ImFsbGF1dGguYWNjb3VudC5hdXRoX2JhY2tlbmRzLkF1dGhlbnRpY2F0aW9uQmFja2VuZCIsIl9hdXRoX3VzZXJfaGFzaCI6ImJmMzE2OTY2OTFmYjlkY2EwY2QwOWJlOTRjYzgxZDNhYjJjZjM3OGEifQ==", "expire_date": "2020-07-07T15:49:05.131Z"}}, {"model": "sessions.session", "pk": "wolx2tg08gn04clcxspbr0zvv2h3hkfq", "fields": {"session_data": "MTZkMzhiZTI0NDQwOTg0ODUxMTZiOWVjYTQ4OTc2MWZjNzNmZGExNzp7fQ==", "expire_date": "2019-09-20T02:36:34.499Z"}}, {"model": "sessions.session", "pk": "wrzpshtz6xrg2sxjkms5wzljv8sduwyi", "fields": {"session_data": "ZTEwMDgwMzc2ODNlZjI1MmMyNDA3MmMyNTQ1ZDg3YTdjOWNjZDk3Mzp7Il9hdXRoX3VzZXJfaWQiOiIxIiwiX2F1dGhfdXNlcl9iYWNrZW5kIjoiZGphbmdvLmNvbnRyaWIuYXV0aC5iYWNrZW5kcy5Nb2RlbEJhY2tlbmQiLCJfYXV0aF91c2VyX2hhc2giOiIxNzdmZWY4NjkxYTllMzMwZmM3ODIyYzQ5ZjMzYzU4ODNmZWFjMjM0IiwiX3Nlc3Npb25faW5pdF90aW1lc3RhbXBfIjoxNTgzNDY2Nzc5LjUyMzI3NjZ9", "expire_date": "2020-03-20T03:52:59.533Z"}}, {"model": "sessions.session", "pk": "wzv1jcsktyitm03z6q3eb0tc3p1j5da9", "fields": {"session_data": "YzhlM2QyOTk2ZDJiYjFjZTg1MjJiZTc5NTgxNGNhYzYxMDI1NTFhMjp7InNvY2lhbGFjY291bnRfc3RhdGUiOlt7InByb2Nlc3MiOiJsb2dpbiIsInNjb3BlIjoiIiwiYXV0aF9wYXJhbXMiOiIifSwiZTRpb2U2NWFPWkhkIl19", "expire_date": "2020-07-02T21:22:10.922Z"}}, {"model": "sessions.session", "pk": "xjmv2u91bq7c9y77faiewg3qzdev1w40", "fields": {"session_data": "NzM2YjIzZDdlODYwZTNjNWMyMWQ5MDMxN2Y0ZWQzNWQ2NWFjOTdhNzp7Il9hdXRoX3VzZXJfaWQiOiIxIiwiX2F1dGhfdXNlcl9iYWNrZW5kIjoiZGphbmdvLmNvbnRyaWIuYXV0aC5iYWNrZW5kcy5Nb2RlbEJhY2tlbmQiLCJfYXV0aF91c2VyX2hhc2giOiIyNTM5NzJjZTg1YWRhYTNlZDNiMDUyZWZhNjBhOWMzMTc2YzQ2Mjg0IiwiX3Nlc3Npb25faW5pdF90aW1lc3RhbXBfIjoxNTkwODYxNjI5LjMyNzM1fQ==", "expire_date": "2020-06-13T18:00:29.438Z"}}, {"model": "sessions.session", "pk": "xoyu7gap2bciob4ohncauy60ogf3dvjf", "fields": {"session_data": "MTZkMzhiZTI0NDQwOTg0ODUxMTZiOWVjYTQ4OTc2MWZjNzNmZGExNzp7fQ==", "expire_date": "2019-09-21T03:25:30.708Z"}}, {"model": "sessions.session", "pk": "y388gd3l2spi3y4thik16jrb2ovg7giw", "fields": {"session_data": "MTZkMzhiZTI0NDQwOTg0ODUxMTZiOWVjYTQ4OTc2MWZjNzNmZGExNzp7fQ==", "expire_date": "2019-09-21T03:29:49.040Z"}}, {"model": "sessions.session", "pk": "y8rdttuagbpxs6ty544kd621sbzg3oe8", "fields": {"session_data": "YjNiMTMwNTJlMzg2NmNhMjkzNzk4YzE5ZTA1NTJjYmUzOGZjNzBkYTp7Il9hdXRoX3VzZXJfaWQiOiIxIiwiX2F1dGhfdXNlcl9iYWNrZW5kIjoiZGphbmdvLmNvbnRyaWIuYXV0aC5iYWNrZW5kcy5Nb2RlbEJhY2tlbmQiLCJfYXV0aF91c2VyX2hhc2giOiI0YzNiNTczYmQ4Yjc5NDYwOWVhNWU3NTY1NjIwYTM4ODM3YmU4YTI0In0=", "expire_date": "2020-06-18T17:46:10.199Z"}}, {"model": "sessions.session", "pk": "yw593bgxs73bfalk3eat6umxg0gr115r", "fields": {"session_data": "MGRiMGU2NmYwYmM2MzcxNmIwNDkyNTg2MWE0OTcxNzQzMzY0MDAwZTp7InNvY2lhbGFjY291bnRfc3RhdGUiOlt7InByb2Nlc3MiOiJsb2dpbiIsInNjb3BlIjoiIiwiYXV0aF9wYXJhbXMiOiIifSwiZ1RPb0ZQNklvU08yIl19", "expire_date": "2020-07-02T22:01:48.848Z"}}, {"model": "sessions.session", "pk": "zlrfw981zajvynf7ia2b3pxo3glfd9o4", "fields": {"session_data": "MmQ4NzQ5YTQ4YjEwOTJmYzU1YjJhZTcwNzFiNGY0NzVmOGY1ZGY2OTp7Il9zZXNzaW9uX2luaXRfdGltZXN0YW1wXyI6MTU3MjY1NjEwOS45NDM1NzM1fQ==", "expire_date": "2019-11-16T00:55:09.956Z"}}, {"model": "sessions.session", "pk": "zv25x6nnhlynynoe7e1sgp6t637tyv63", "fields": {"session_data": "NzZlOTUwZDJhMzk1MGJjZWUyNTI5YjBmMWY4NjEzN2Y2Y2ZhODQ4YTp7InNvY2lhbGFjY291bnRfc3RhdGUiOlt7InByb2Nlc3MiOiJsb2dpbiIsInNjb3BlIjoiIiwiYXV0aF9wYXJhbXMiOiIifSwieHZpMUZ0U2kwWHBQIl19", "expire_date": "2020-07-02T04:37:07.270Z"}}, {"model": "sites.site", "pk": 1, "fields": {"domain": "locahost:8000", "name": "locahost:8000"}}, {"model": "sites.site", "pk": 2, "fields": {"domain": "homework.tinu.tech", "name": "homework.tinu.tech"}}, {"model": "socialaccount.socialapp", "pk": 1, "fields": {"provider": "google", "name": "Google API", "client_id": "972554949524-h638mh1q7invojq1no5ff5aok46a4j15.apps.googleusercontent.com", "secret": "WhUzQsgzNPHRAPg0DfV1XWUu", "key": "", "sites": [2, 1]}}, {"model": "socialaccount.socialtoken", "pk": 4, "fields": {"app": 1, "account": 4, "token": "ya29.a0AfH6SMDngDs5_E4lJY6aoEa0wjLdu5-w1ZEEb9L6etGgxkrZLT45KPs62h0L1Pv0DfyuJIwFD777B8bloZDB_08HW5QSVa49JIZO6a2LkFezN1gtvEGkc7eyu0Lfg-2U1yl6M_Y5HLusxneX_jcOQL5LoUR8WQZV5_F0", "token_secret": "", "expires_at": "2020-06-24T18:36:28.435Z"}}, {"model": "socialaccount.socialtoken", "pk": 5, "fields": {"app": 1, "account": 5, "token": "ya29.a0AfH6SMAs-ASDe5UrpgBm_f0vIRR1XaQKhEVSFJXDASKiGQW4h6AcN_645xlEaWWoBkFnEmi_Fv7-RKwpUfNG8WlU7ZMr1yQa4VEhoxBzGB4ySHFSuYInZDmdQbdZcjeI-ZSWmk9TKcfaU7s2Yy1XE2vNzdM98-7oDing", "token_secret": "", "expires_at": "2020-06-19T01:07:27.205Z"}}, {"model": "socialaccount.socialtoken", "pk": 6, "fields": {"app": 1, "account": 6, "token": "ya29.a0AfH6SMA-GNYdNXQJGV2M3xd-NRXqa5lWhn0cBxld0viJ_zZ1M1kMWHInlDiLdLrSJvSGPjamh9wdgmsuqf_NH651C-tNosot1a5ve3Gm3eYDlw0niwVEVklt73ytqViQy2bnNL8MjL09pluLoUoGROXQZ30R5FRTaiMs", "token_secret": "", "expires_at": "2020-06-21T01:52:21.752Z"}}, {"model": "socialaccount.socialtoken", "pk": 7, "fields": {"app": 1, "account": 7, "token": "ya29.a0AfH6SMCotXk_0A3Dx9u0_3r_8AbrHHcUhZoT7vrjOWvc-Rk4107mj1fCB7TNxN9QXYAAljRuCsAuc8RteDNJoLkaMAWLe95I5JUl7cT-ZRIDH1QjwB4Hzm8G2PlIrtRhnwFvj7H5y3JCQlW4Tb9HrFKs1zHArDN7STs", "token_secret": "", "expires_at": "2020-06-18T22:48:01.849Z"}}, {"model": "socialaccount.socialtoken", "pk": 8, "fields": {"app": 1, "account": 8, "token": "ya29.a0AfH6SMBq9Z0azOh2k60cc4eITA9MVDxAyzPqxJxzhUhbvYm2Xrhx94vPDgv_1A3Gn2wqAD1BJosmxw_EVJhpTpvYPE_HYQTg413e9JlN1sLx_1sZgkcYB-QZdxnlln6LE9Nn6JEvFFdVMfETrZGTOSox-LvC3Dk2MCQ", "token_secret": "", "expires_at": "2020-06-19T00:18:42.311Z"}}, {"model": "socialaccount.socialtoken", "pk": 9, "fields": {"app": 1, "account": 9, "token": "ya29.a0AfH6SMA02ugWmLBp1op1hLG8znehqpJdqrmQ9iK8QdjHqtvBtTE8vYIcOpNrIqBYA5KUa8ZE9yrNJvwfzr4pdUd_SsTlvgwkZzclOBnYdlI5leAqHdiXxV90pXNqBxtBamYcUGG7lLfKP02GU37abLwO5ps_8CvAt_o", "token_secret": "", "expires_at": "2020-06-19T01:07:25.002Z"}}, {"model": "socialaccount.socialtoken", "pk": 11, "fields": {"app": 1, "account": 11, "token": "ya29.a0AfH6SMA71BJtyP1IRUTm75uZFQAAjSKLkBdnhmrvFp7rGxK_xLexTO0YsS8zqIC6ss8MxpL58YWzhk3GIiwTtfdsYC0D1p7hZun5gu9KopV59E7lMeiPw1ShyRZkL9UknKZcNU4CCzCEZypFs6yCswDoA32fpXwvnfmX", "token_secret": "", "expires_at": "2020-06-24T16:26:36.862Z"}}, {"model": "auth.permission", "pk": 1, "fields": {"name": "Can add log entry", "content_type": 1, "codename": "add_logentry"}}, {"model": "auth.permission", "pk": 2, "fields": {"name": "Can change log entry", "content_type": 1, "codename": "change_logentry"}}, {"model": "auth.permission", "pk": 3, "fields": {"name": "Can delete log entry", "content_type": 1, "codename": "delete_logentry"}}, {"model": "auth.permission", "pk": 4, "fields": {"name": "Can view log entry", "content_type": 1, "codename": "view_logentry"}}, {"model": "auth.permission", "pk": 5, "fields": {"name": "Can add permission", "content_type": 2, "codename": "add_permission"}}, {"model": "auth.permission", "pk": 6, "fields": {"name": "Can change permission", "content_type": 2, "codename": "change_permission"}}, {"model": "auth.permission", "pk": 7, "fields": {"name": "Can delete permission", "content_type": 2, "codename": "delete_permission"}}, {"model": "auth.permission", "pk": 8, "fields": {"name": "Can view permission", "content_type": 2, "codename": "view_permission"}}, {"model": "auth.permission", "pk": 9, "fields": {"name": "Can add group", "content_type": 3, "codename": "add_group"}}, {"model": "auth.permission", "pk": 10, "fields": {"name": "Can change group", "content_type": 3, "codename": "change_group"}}, {"model": "auth.permission", "pk": 11, "fields": {"name": "Can delete group", "content_type": 3, "codename": "delete_group"}}, {"model": "auth.permission", "pk": 12, "fields": {"name": "Can view group", "content_type": 3, "codename": "view_group"}}, {"model": "auth.permission", "pk": 13, "fields": {"name": "Can add user", "content_type": 4, "codename": "add_user"}}, {"model": "auth.permission", "pk": 14, "fields": {"name": "Can change user", "content_type": 4, "codename": "change_user"}}, {"model": "auth.permission", "pk": 15, "fields": {"name": "Can delete user", "content_type": 4, "codename": "delete_user"}}, {"model": "auth.permission", "pk": 16, "fields": {"name": "Can view user", "content_type": 4, "codename": "view_user"}}, {"model": "auth.permission", "pk": 17, "fields": {"name": "Can add content type", "content_type": 5, "codename": "add_contenttype"}}, {"model": "auth.permission", "pk": 18, "fields": {"name": "Can change content type", "content_type": 5, "codename": "change_contenttype"}}, {"model": "auth.permission", "pk": 19, "fields": {"name": "Can delete content type", "content_type": 5, "codename": "delete_contenttype"}}, {"model": "auth.permission", "pk": 20, "fields": {"name": "Can view content type", "content_type": 5, "codename": "view_contenttype"}}, {"model": "auth.permission", "pk": 21, "fields": {"name": "Can add session", "content_type": 6, "codename": "add_session"}}, {"model": "auth.permission", "pk": 22, "fields": {"name": "Can change session", "content_type": 6, "codename": "change_session"}}, {"model": "auth.permission", "pk": 23, "fields": {"name": "Can delete session", "content_type": 6, "codename": "delete_session"}}, {"model": "auth.permission", "pk": 24, "fields": {"name": "Can view session", "content_type": 6, "codename": "view_session"}}, {"model": "auth.permission", "pk": 25, "fields": {"name": "Can add class", "content_type": 7, "codename": "add_class"}}, {"model": "auth.permission", "pk": 26, "fields": {"name": "Can change class", "content_type": 7, "codename": "change_class"}}, {"model": "auth.permission", "pk": 27, "fields": {"name": "Can delete class", "content_type": 7, "codename": "delete_class"}}, {"model": "auth.permission", "pk": 28, "fields": {"name": "Can view class", "content_type": 7, "codename": "view_class"}}, {"model": "auth.permission", "pk": 29, "fields": {"name": "Can add class_linker", "content_type": 8, "codename": "add_class_linker"}}, {"model": "auth.permission", "pk": 30, "fields": {"name": "Can change class_linker", "content_type": 8, "codename": "change_class_linker"}}, {"model": "auth.permission", "pk": 31, "fields": {"name": "Can delete class_linker", "content_type": 8, "codename": "delete_class_linker"}}, {"model": "auth.permission", "pk": 32, "fields": {"name": "Can view class_linker", "content_type": 8, "codename": "view_class_linker"}}, {"model": "auth.permission", "pk": 33, "fields": {"name": "Can add model_assignment", "content_type": 9, "codename": "add_model_assignment"}}, {"model": "auth.permission", "pk": 34, "fields": {"name": "Can change model_assignment", "content_type": 9, "codename": "change_model_assignment"}}, {"model": "auth.permission", "pk": 35, "fields": {"name": "Can delete model_assignment", "content_type": 9, "codename": "delete_model_assignment"}}, {"model": "auth.permission", "pk": 36, "fields": {"name": "Can view model_assignment", "content_type": 9, "codename": "view_model_assignment"}}, {"model": "auth.permission", "pk": 37, "fields": {"name": "Can add assignment", "content_type": 10, "codename": "add_assignment"}}, {"model": "auth.permission", "pk": 38, "fields": {"name": "Can change assignment", "content_type": 10, "codename": "change_assignment"}}, {"model": "auth.permission", "pk": 39, "fields": {"name": "Can delete assignment", "content_type": 10, "codename": "delete_assignment"}}, {"model": "auth.permission", "pk": 40, "fields": {"name": "Can view assignment", "content_type": 10, "codename": "view_assignment"}}, {"model": "auth.permission", "pk": 41, "fields": {"name": "Can add profile", "content_type": 11, "codename": "add_profile"}}, {"model": "auth.permission", "pk": 42, "fields": {"name": "Can change profile", "content_type": 11, "codename": "change_profile"}}, {"model": "auth.permission", "pk": 43, "fields": {"name": "Can delete profile", "content_type": 11, "codename": "delete_profile"}}, {"model": "auth.permission", "pk": 44, "fields": {"name": "Can view profile", "content_type": 11, "codename": "view_profile"}}, {"model": "auth.permission", "pk": 45, "fields": {"name": "Can add reset pwd", "content_type": 12, "codename": "add_resetpwd"}}, {"model": "auth.permission", "pk": 46, "fields": {"name": "Can change reset pwd", "content_type": 12, "codename": "change_resetpwd"}}, {"model": "auth.permission", "pk": 47, "fields": {"name": "Can delete reset pwd", "content_type": 12, "codename": "delete_resetpwd"}}, {"model": "auth.permission", "pk": 48, "fields": {"name": "Can view reset pwd", "content_type": 12, "codename": "view_resetpwd"}}, {"model": "auth.permission", "pk": 49, "fields": {"name": "Can add site", "content_type": 13, "codename": "add_site"}}, {"model": "auth.permission", "pk": 50, "fields": {"name": "Can change site", "content_type": 13, "codename": "change_site"}}, {"model": "auth.permission", "pk": 51, "fields": {"name": "Can delete site", "content_type": 13, "codename": "delete_site"}}, {"model": "auth.permission", "pk": 52, "fields": {"name": "Can view site", "content_type": 13, "codename": "view_site"}}, {"model": "auth.permission", "pk": 53, "fields": {"name": "Can add email address", "content_type": 14, "codename": "add_emailaddress"}}, {"model": "auth.permission", "pk": 54, "fields": {"name": "Can change email address", "content_type": 14, "codename": "change_emailaddress"}}, {"model": "auth.permission", "pk": 55, "fields": {"name": "Can delete email address", "content_type": 14, "codename": "delete_emailaddress"}}, {"model": "auth.permission", "pk": 56, "fields": {"name": "Can view email address", "content_type": 14, "codename": "view_emailaddress"}}, {"model": "auth.permission", "pk": 57, "fields": {"name": "Can add email confirmation", "content_type": 15, "codename": "add_emailconfirmation"}}, {"model": "auth.permission", "pk": 58, "fields": {"name": "Can change email confirmation", "content_type": 15, "codename": "change_emailconfirmation"}}, {"model": "auth.permission", "pk": 59, "fields": {"name": "Can delete email confirmation", "content_type": 15, "codename": "delete_emailconfirmation"}}, {"model": "auth.permission", "pk": 60, "fields": {"name": "Can view email confirmation", "content_type": 15, "codename": "view_emailconfirmation"}}, {"model": "auth.permission", "pk": 61, "fields": {"name": "Can add social account", "content_type": 16, "codename": "add_socialaccount"}}, {"model": "auth.permission", "pk": 62, "fields": {"name": "Can change social account", "content_type": 16, "codename": "change_socialaccount"}}, {"model": "auth.permission", "pk": 63, "fields": {"name": "Can delete social account", "content_type": 16, "codename": "delete_socialaccount"}}, {"model": "auth.permission", "pk": 64, "fields": {"name": "Can view social account", "content_type": 16, "codename": "view_socialaccount"}}, {"model": "auth.permission", "pk": 65, "fields": {"name": "Can add social application", "content_type": 17, "codename": "add_socialapp"}}, {"model": "auth.permission", "pk": 66, "fields": {"name": "Can change social application", "content_type": 17, "codename": "change_socialapp"}}, {"model": "auth.permission", "pk": 67, "fields": {"name": "Can delete social application", "content_type": 17, "codename": "delete_socialapp"}}, {"model": "auth.permission", "pk": 68, "fields": {"name": "Can view social application", "content_type": 17, "codename": "view_socialapp"}}, {"model": "auth.permission", "pk": 69, "fields": {"name": "Can add social application token", "content_type": 18, "codename": "add_socialtoken"}}, {"model": "auth.permission", "pk": 70, "fields": {"name": "Can change social application token", "content_type": 18, "codename": "change_socialtoken"}}, {"model": "auth.permission", "pk": 71, "fields": {"name": "Can delete social application token", "content_type": 18, "codename": "delete_socialtoken"}}, {"model": "auth.permission", "pk": 72, "fields": {"name": "Can view social application token", "content_type": 18, "codename": "view_socialtoken"}}, {"model": "auth.user", "pk": 1, "fields": {"password": "pbkdf2_sha256$180000$5JC949EgYmJB$wPClJbzqEXmPYgUPD7uueOFyGPUT5iYgpjZg8vfCfEI=", "last_login": "2020-06-18T22:45:34.677Z", "is_superuser": true, "username": "admin", "first_name": "Tinu Vanapamula", "last_name": "", "email": "", "is_staff": true, "is_active": true, "date_joined": "2019-09-05T23:37:09.367Z", "groups": [], "user_permissions": []}}, {"model": "auth.user", "pk": 9, "fields": {"password": "pbkdf2_sha256$180000$guF6Z4wpV3cU$Ur1Lv1xzkGwPwpbdsk7SpjSI7ekkiV3w2e/0tvag10k=", "last_login": "2020-06-09T17:39:56.595Z", "is_superuser": false, "username": "ppvalli", "first_name": "Pushpavalli", "last_name": "", "email": "", "is_staff": false, "is_active": true, "date_joined": "2019-10-20T17:53:12.266Z", "groups": [], "user_permissions": []}}, {"model": "auth.user", "pk": 10, "fields": {"password": "pbkdf2_sha256$180000$bRAc1K0mTbEC$sBkokJkM9zkrcdTRgwL5h0LWKz4KcDul4DWEduroywQ=", "last_login": "2020-06-09T05:18:10.001Z", "is_superuser": false, "username": "vbalaji", "first_name": "Balaji Vanapamula", "last_name": "", "email": "", "is_staff": false, "is_active": true, "date_joined": "2019-10-20T18:05:25.481Z", "groups": [], "user_permissions": []}}, {"model": "auth.user", "pk": 16, "fields": {"password": "pbkdf2_sha256$180000$cgJ18eJjayBB$CRzKdmeS+DGikdP71nWaJqfJty3unD942C4ohz/BKOY=", "last_login": "2020-06-10T19:00:51.620Z", "is_superuser": false, "username": "teacher", "first_name": "Example Teacher", "last_name": "", "email": "", "is_staff": false, "is_active": true, "date_joined": "2019-10-27T19:39:56.103Z", "groups": [], "user_permissions": []}}, {"model": "auth.user", "pk": 22, "fields": {"password": "pbkdf2_sha256$180000$0IMWRaItRxs8$j74Kh72B4fSMqt9pWdoEF7wFk7P9q8DvmvN5zLXcaZ4=", "last_login": "2020-06-19T17:18:05.542Z", "is_superuser": false, "username": "student", "first_name": "Demo Student", "last_name": "", "email": "", "is_staff": false, "is_active": true, "date_joined": "2019-10-31T03:12:23.679Z", "groups": [], "user_permissions": []}}, {"model": "auth.user", "pk": 23, "fields": {"password": "pbkdf2_sha256$180000$cdFq5kCEQNX5$cS+KGm58gFBGFCTDy+oVr+t044vOXw2xY61yqfNH/j4=", "last_login": "2020-06-10T20:23:03.786Z", "is_superuser": true, "username": "tinu", "first_name": "Tinu Vanapamula", "last_name": "", "email": "", "is_staff": true, "is_active": true, "date_joined": "2019-11-26T03:33:46Z", "groups": [], "user_permissions": []}}, {"model": "auth.user", "pk": 24, "fields": {"password": "pbkdf2_sha256$150000$xt8YQsA7J5yr$aFJT+CvQcJnXrZiwy5yGXW3S2dIf0RYmoOcXzdWygGs=", "last_login": "2019-11-26T03:35:50.788Z", "is_superuser": false, "username": "madhu123", "first_name": "Madhu", "last_name": "", "email": "", "is_staff": false, "is_active": true, "date_joined": "2019-11-26T03:35:50.504Z", "groups": [], "user_permissions": []}}, {"model": "auth.user", "pk": 27, "fields": {"password": "pbkdf2_sha256$180000$dIul16QL8YSb$CCW7sXnUURkgEKZ6MBoxs8UZat+D4tfPeUx9U6OWgco=", "last_login": "2020-03-23T17:01:41Z", "is_superuser": false, "username": "rukmanga", "first_name": "Rukmanga Vanapamula", "last_name": "", "email": "", "is_staff": false, "is_active": true, "date_joined": "2020-03-23T16:53:22Z", "groups": [], "user_permissions": []}}, {"model": "auth.user", "pk": 28, "fields": {"password": "pbkdf2_sha256$180000$lRrWX9wacqzL$+vpvazh01Jw9cNiFkBUyMGRapcoZMHYgfN3MohklhzM=", "last_login": "2020-03-23T16:58:19.651Z", "is_superuser": false, "username": "Prem", "first_name": "divyaprem", "last_name": "", "email": "", "is_staff": false, "is_active": true, "date_joined": "2020-03-23T16:58:19.206Z", "groups": [], "user_permissions": []}}, {"model": "auth.user", "pk": 32, "fields": {"password": "pbkdf2_sha256$180000$xFtGcfn8ztGR$yXlGIqU9bpJnC4BvpiBfBIGNqyGMcuP5t3EhmSibB/k=", "last_login": "2020-04-15T23:58:59.187Z", "is_superuser": false, "username": "Pvsk", "first_name": "Venkat", "last_name": "", "email": "", "is_staff": false, "is_active": true, "date_joined": "2020-04-15T23:58:58.749Z", "groups": [], "user_permissions": []}}, {"model": "auth.user", "pk": 34, "fields": {"password": "pbkdf2_sha256$180000$6BCV5dyZZ4hV$xbl4rrHWVQTOsbJ7nIQGNJhjujBgCZYv/fEfd47J/wE=", "last_login": "2020-06-19T02:02:33.994Z", "is_superuser": false, "username": "Vapupula", "first_name": "Aashrith", "last_name": "N.", "email": "digglet66@gmail.com", "is_staff": false, "is_active": true, "date_joined": "2020-04-17T20:30:07Z", "groups": [], "user_permissions": []}}, {"model": "auth.user", "pk": 36, "fields": {"password": "pbkdf2_sha256$180000$YSEZYxt9GkMW$r10sc7iCqMkgwYZDUgPB9EK8ffSOdsftHn2h3YPkwQU=", "last_login": "2020-04-30T17:18:39.287Z", "is_superuser": false, "username": "Bee", "first_name": "Doo", "last_name": "", "email": "", "is_staff": false, "is_active": true, "date_joined": "2020-04-30T17:18:38.865Z", "groups": [], "user_permissions": []}}, {"model": "auth.user", "pk": 37, "fields": {"password": "pbkdf2_sha256$180000$1oC8gVTnb0Aa$L6MpGDvW9YOKWjBKM3icRsD8CGPWz0WORI5ZYfyYiz4=", "last_login": "2020-05-06T00:14:41.868Z", "is_superuser": false, "username": "Chris ", "first_name": "Rhoda ", "last_name": "", "email": "", "is_staff": false, "is_active": true, "date_joined": "2020-05-06T00:14:41.446Z", "groups": [], "user_permissions": []}}, {"model": "auth.user", "pk": 38, "fields": {"password": "pbkdf2_sha256$180000$jeFg0Q1uCFTj$a8qwyeKRhLQQWUd07BFLif3XRoR8fowTnU1dxWNbPuI=", "last_login": "2020-05-06T00:16:17.659Z", "is_superuser": false, "username": "Suresh", "first_name": "Rhoda Suresh babu", "last_name": "", "email": "", "is_staff": false, "is_active": true, "date_joined": "2020-05-06T00:16:17.237Z", "groups": [], "user_permissions": []}}, {"model": "auth.user", "pk": 39, "fields": {"password": "pbkdf2_sha256$180000$6lDfBUTL9lyz$qzB0gEXtAKOQMoyJyaKiVY2E6bqMHyCBK/l/VUmGCG4=", "last_login": "2020-05-06T06:00:24.269Z", "is_superuser": false, "username": "33100708205", "first_name": "Roopa", "last_name": "", "email": "", "is_staff": false, "is_active": true, "date_joined": "2020-05-06T06:00:23.863Z", "groups": [], "user_permissions": []}}, {"model": "auth.user", "pk": 42, "fields": {"password": "pbkdf2_sha256$180000$sIxcST6G7w4H$/VVs+I7BRmteHXg53a4/DTNFcswmMK1IPDsiDsw/w8o=", "last_login": "2020-06-24T15:26:37.955Z", "is_superuser": false, "username": "hfhyc", "first_name": "Balaji", "last_name": "Vanapamula", "email": "balaji.vanapamula@gmail.com", "is_staff": false, "is_active": true, "date_joined": "2020-06-06T18:33:30Z", "groups": [], "user_permissions": []}}, {"model": "auth.user", "pk": 43, "fields": {"password": "pbkdf2_sha256$180000$IyUsi20l8e7W$KwN0tmO1T2TC/BouRE9mabfKqMDximuGpRy7xc7i6NE=", "last_login": "2020-06-24T17:36:29.540Z", "is_superuser": true, "username": "tinu24", "first_name": "Tinu", "last_name": "Vanapamula", "email": "tinu@tinu.tech", "is_staff": true, "is_active": true, "date_joined": "2020-06-07T02:18:30Z", "groups": [], "user_permissions": []}}, {"model": "auth.user", "pk": 44, "fields": {"password": "pbkdf2_sha256$180000$lADnLfMYm21F$4478oZZ83DTVqqJ1YXa6poexwg9iA6+/POs8OsJjdpM=", "last_login": "2020-06-08T21:18:18.848Z", "is_superuser": false, "username": "Siri.vel", "first_name": "Seeray", "last_name": "", "email": "", "is_staff": false, "is_active": true, "date_joined": "2020-06-08T21:18:18.411Z", "groups": [], "user_permissions": []}}, {"model": "auth.user", "pk": 45, "fields": {"password": "pbkdf2_sha256$180000$romZBzc7mpQM$CPh18kliCjDc1xJmUI438/oBZfWZs8HGhUwbejQ5Xyw=", "last_login": "2020-06-09T21:26:19.075Z", "is_superuser": false, "username": "TeacherMonkey", "first_name": "Teacher Monkey", "last_name": "", "email": "", "is_staff": false, "is_active": true, "date_joined": "2020-06-09T21:26:18.669Z", "groups": [], "user_permissions": []}}, {"model": "auth.user", "pk": 46, "fields": {"password": "pbkdf2_sha256$180000$gTo61qpmwtRn$N14tNxAMee2dCRqKxNRGyyivjI0JA2gF3GkySPzIg9k=", "last_login": "2020-06-09T21:27:45.323Z", "is_superuser": false, "username": "BabyMonkey", "first_name": "Baby Monkey", "last_name": "", "email": "", "is_staff": false, "is_active": true, "date_joined": "2020-06-09T21:27:44.916Z", "groups": [], "user_permissions": []}}, {"model": "auth.user", "pk": 48, "fields": {"password": "pbkdf2_sha256$180000$1BpP8dJbmux3$13WA/FvjNpM8O3uydA91udGYhy/EhZJ4D/F/7GO3Jps=", "last_login": "2020-06-10T18:05:48Z", "is_superuser": false, "username": "Christ", "first_name": "Jesus", "last_name": "", "email": "", "is_staff": false, "is_active": true, "date_joined": "2020-06-10T18:05:48Z", "groups": [], "user_permissions": []}}, {"model": "auth.user", "pk": 49, "fields": {"password": "pbkdf2_sha256$180000$oK9WCsVtYQLA$7VE3HLRfgZlCOeYErRuI8mI/NzTMLN62RF54R1bsUUM=", "last_login": "2020-06-10T18:06:42Z", "is_superuser": false, "username": "unicorn", "first_name": "HHH", "last_name": "", "email": "", "is_staff": false, "is_active": true, "date_joined": "2020-06-10T18:06:42Z", "groups": [], "user_permissions": []}}, {"model": "auth.user", "pk": 50, "fields": {"password": "pbkdf2_sha256$180000$D8a8k42GHyA2$qeM1HAXnqWWisjaw0hheLtay9RYnemkmGkz3r6rmaR8=", "last_login": "2020-06-17T19:55:54Z", "is_superuser": false, "username": "studentusername", "first_name": "A Student", "last_name": "", "email": "", "is_staff": false, "is_active": true, "date_joined": "2020-06-10T18:12:20Z", "groups": [], "user_permissions": []}}, {"model": "auth.user", "pk": 55, "fields": {"password": "!Q1Anq5pginHwwnyRKondLd5z47VO2OCHcb1K1BRR", "last_login": "2020-06-19T00:07:28.315Z", "is_superuser": false, "username": "stem", "first_name": "STEM", "last_name": "Thunders", "email": "stem.thunders@gmail.com", "is_staff": false, "is_active": true, "date_joined": "2020-06-18T03:45:13Z", "groups": [], "user_permissions": []}}, {"model": "auth.user", "pk": 60, "fields": {"password": "pbkdf2_sha256$180000$KULu7VINLUYL$W606PJaeLm7v3KnMGntGBF48AXTngC9gQA/8b3s6IVY=", "last_login": "2020-06-18T17:15:30.518Z", "is_superuser": false, "username": "testuser", "first_name": "Test", "last_name": "", "email": "", "is_staff": false, "is_active": true, "date_joined": "2020-06-18T17:15:30.161Z", "groups": [], "user_permissions": []}}, {"model": "auth.user", "pk": 63, "fields": {"password": "!wPVw155SQ2D80bYxvhztP2Ukvx89muBWmX3WitZv", "last_login": "2020-06-18T23:18:43.405Z", "is_superuser": false, "username": "pushpavalli", "first_name": "Pushpavalli", "last_name": "Vanapamula", "email": "ppvalli@gmail.com", "is_staff": false, "is_active": true, "date_joined": "2020-06-18T23:15:55.821Z", "groups": [], "user_permissions": []}}, {"model": "auth.user", "pk": 64, "fields": {"password": "!DpDnCfH8YmvuNpSs2tbTrbnhWP4oPpmVyjQWCbLD", "last_login": "2020-06-19T00:07:26.112Z", "is_superuser": false, "username": "sunil", "first_name": "sunil", "last_name": "kumar", "email": "pvsk123@gmail.com", "is_staff": false, "is_active": true, "date_joined": "2020-06-19T00:07:26.081Z", "groups": [], "user_permissions": []}}, {"model": "account.emailaddress", "pk": 5, "fields": {"user": 55, "email": "stem.thunders@gmail.com", "verified": true, "primary": true}}, {"model": "account.emailaddress", "pk": 7, "fields": {"user": 34, "email": "digglet66@gmail.com", "verified": true, "primary": true}}, {"model": "account.emailaddress", "pk": 8, "fields": {"user": 63, "email": "ppvalli@gmail.com", "verified": true, "primary": true}}, {"model": "account.emailaddress", "pk": 9, "fields": {"user": 64, "email": "pvsk123@gmail.com", "verified": true, "primary": true}}, {"model": "account.emailaddress", "pk": 11, "fields": {"user": 42, "email": "balaji.vanapamula@gmail.com", "verified": true, "primary": true}}, {"model": "account.emailaddress", "pk": 12, "fields": {"user": 43, "email": "tinuvanapamula@gmail.com", "verified": true, "primary": true}}, {"model": "socialaccount.socialaccount", "pk": 4, "fields": {"user": 43, "provider": "google", "uid": "104710930974582799597", "last_login": "2020-06-24T17:36:29.525Z", "date_joined": "2020-06-18T03:41:55.390Z", "extra_data": "{\"id\": \"104710930974582799597\", \"email\": \"tinuvanapamula@gmail.com\", \"verified_email\": true, \"name\": \"Tinu Vanapamula\", \"given_name\": \"Tinu\", \"family_name\": \"Vanapamula\", \"picture\": \"https://lh3.googleusercontent.com/a-/AOh14GhpmXUi3ykdh25HjyNNf3sjzO2K_XTdeqzMuULFdYg\", \"locale\": \"en\"}"}}, {"model": "socialaccount.socialaccount", "pk": 5, "fields": {"user": 55, "provider": "google", "uid": "113126418250083804953", "last_login": "2020-06-19T00:07:28.299Z", "date_joined": "2020-06-18T03:45:13.329Z", "extra_data": "{\"id\": \"113126418250083804953\", \"email\": \"stem.thunders@gmail.com\", \"verified_email\": true, \"name\": \"STEM Thunders\", \"given_name\": \"STEM\", \"family_name\": \"Thunders\", \"picture\": \"https://lh3.googleusercontent.com/a-/AOh14GjpvmZokbOpCd0QbqK5ky34LX333zaS21zDWqlQ\", \"locale\": \"en\"}"}}, {"model": "socialaccount.socialaccount", "pk": 6, "fields": {"user": 43, "provider": "google", "uid": "101825101480901626760", "last_login": "2020-06-21T00:52:22.815Z", "date_joined": "2020-06-18T21:17:04.753Z", "extra_data": "{\"id\": \"101825101480901626760\", \"email\": \"461461@mcpsmd.net\", \"verified_email\": true, \"name\": \"Tinu Vanapamula\", \"given_name\": \"Tinu\", \"family_name\": \"Vanapamula\", \"picture\": \"https://lh3.googleusercontent.com/a-/AOh14Gg2IeP4Rk4baXoKqES4q-StNiALVbyqe743fZu2lw\", \"locale\": \"en\", \"hd\": \"mcpsmd.net\"}"}}, {"model": "socialaccount.socialaccount", "pk": 7, "fields": {"user": 34, "provider": "google", "uid": "103333014830937946480", "last_login": "2020-06-18T21:48:02.927Z", "date_joined": "2020-06-18T21:44:36.111Z", "extra_data": "{\"id\": \"103333014830937946480\", \"email\": \"digglet66@gmail.com\", \"verified_email\": true, \"name\": \"Aashrith N.\", \"given_name\": \"Aashrith\", \"family_name\": \"N.\", \"picture\": \"https://lh3.googleusercontent.com/a-/AOh14GgDpY15RA2pWk1MDkN31h6LbcxKf8mmya-Pqi5Y-w\", \"locale\": \"en\"}"}}, {"model": "socialaccount.socialaccount", "pk": 8, "fields": {"user": 63, "provider": "google", "uid": "109910126556828048112", "last_login": "2020-06-18T23:18:43.389Z", "date_joined": "2020-06-18T23:15:55.837Z", "extra_data": "{\"id\": \"109910126556828048112\", \"email\": \"ppvalli@gmail.com\", \"verified_email\": true, \"name\": \"Pushpavalli Vanapamula\", \"given_name\": \"Pushpavalli\", \"family_name\": \"Vanapamula\", \"picture\": \"https://lh4.googleusercontent.com/-Oqbk76BT5O0/AAAAAAAAAAI/AAAAAAAAAAA/AMZuucn-MHmjO9_EWspI0wJWlLhObL3muw/photo.jpg\", \"locale\": \"en\"}"}}, {"model": "socialaccount.socialaccount", "pk": 9, "fields": {"user": 64, "provider": "google", "uid": "110575537343173743841", "last_login": "2020-06-19T00:07:26.096Z", "date_joined": "2020-06-19T00:07:26.096Z", "extra_data": "{\"id\": \"110575537343173743841\", \"email\": \"pvsk123@gmail.com\", \"verified_email\": true, \"name\": \"sunil kumar\", \"given_name\": \"sunil\", \"family_name\": \"kumar\", \"picture\": \"https://lh3.googleusercontent.com/a-/AOh14GiXwJjQwRSfkrFJ9oIzUe7P-lm4t-Wi54UQaOrtZQ\", \"locale\": \"en\"}"}}, {"model": "socialaccount.socialaccount", "pk": 11, "fields": {"user": 42, "provider": "google", "uid": "106936896038404792227", "last_login": "2020-06-24T15:26:37.940Z", "date_joined": "2020-06-19T03:16:52.790Z", "extra_data": "{\"id\": \"106936896038404792227\", \"email\": \"balaji.vanapamula@gmail.com\", \"verified_email\": true, \"name\": \"Balaji Vanapamula\", \"given_name\": \"Balaji\", \"family_name\": \"Vanapamula\", \"picture\": \"https://lh5.googleusercontent.com/-mRYkGnq_dHE/AAAAAAAAAAI/AAAAAAAAAAA/AMZuucn7pJqcH9ZEZ68Rant_P0lyijmPeQ/photo.jpg\", \"locale\": \"en\"}"}}, {"model": "classes.class", "pk": 34, "fields": {"name": "Test Class", "description": "Sunil Class.", "code": "BCgUp6", "teacher": 1}}, {"model": "classes.class", "pk": 37, "fields": {"name": "4grade", "description": "Sparrow", "code": "NZVXEP", "teacher": 39}}, {"model": "classes.class", "pk": 38, "fields": {"name": "How to eat da bagel", "description": "Here you leanr about da bagel, is origin, why the chinese fellow stol from da pinguin. Avatar da first airbender, he fat.", "code": "SLNEus", "teacher": 34}}, {"model": "classes.class", "pk": 39, "fields": {"name": "Demo Class", "description": "This is the Demo Class.", "code": "TncAO9", "teacher": 1}}, {"model": "classes.class", "pk": 47, "fields": {"name": "HFH Youth Club", "description": "This club is for middle/high school kids that has activities like personality development and volunteering.", "code": "L2QDH3", "teacher": 42}}, {"model": "classes.class", "pk": 48, "fields": {"name": "Summer Work", "description": "Yup. Summer Work.\r\n", "code": "lwpqtP", "teacher": 45}}, {"model": "classes.class", "pk": 51, "fields": {"name": "Scientology", "description": "Learn the majesty of Star Trek: Deep Space 9!", "code": "mG5rKw", "teacher": 48}}, {"model": "classes.class_linker", "pk": 28, "fields": {"enrolled_class": 34, "linked_user": 32}}, {"model": "classes.class_linker", "pk": 34, "fields": {"enrolled_class": 39, "linked_user": 22}}, {"model": "classes.class_linker", "pk": 42, "fields": {"enrolled_class": 38, "linked_user": 22}}, {"model": "classes.class_linker", "pk": 49, "fields": {"enrolled_class": 47, "linked_user": 43}}, {"model": "classes.class_linker", "pk": 50, "fields": {"enrolled_class": 38, "linked_user": 43}}, {"model": "classes.class_linker", "pk": 51, "fields": {"enrolled_class": 48, "linked_user": 46}}, {"model": "classes.class_linker", "pk": 56, "fields": {"enrolled_class": 51, "linked_user": 49}}, {"model": "classes.class_linker", "pk": 57, "fields": {"enrolled_class": 51, "linked_user": 50}}, {"model": "classes.class_linker", "pk": 58, "fields": {"enrolled_class": 47, "linked_user": 22}}, {"model": "assignments.model_assignment", "pk": 9, "fields": {"name": "buy me bagel", "description": "Please, I want a da bagel. I hungry rease. I just lonely chinee man and i either need foof, or bagel. I prefer bagel. Your da assignment is buyt me a bagel", "linked_class": 38, "linked_teacher": 34, "due_date": "3000-01-01"}}, {"model": "assignments.model_assignment", "pk": 40, "fields": {"name": "Watch literally all of DS9", "description": "just do it", "linked_class": 51, "linked_teacher": 48, "due_date": "2020-06-10"}}, {"model": "assignments.assignment", "pk": 9, "fields": {"name": "Demo alludu", "description": "Gguvjvjvjvu", "linked_class": null, "user": 32, "done": true, "linked_model_assignment": null, "linked_class_linker": null, "submission": "", "due_date": "2020-06-08"}}, {"model": "assignments.assignment", "pk": 30, "fields": {"name": "buy me bagel", "description": "Please, I want a da bagel. I hungry rease. I just lonely chinee man and i either need foof, or bagel. I prefer bagel. Your da assignment is buyt me a bagel", "linked_class": 38, "user": 22, "done": false, "linked_model_assignment": 9, "linked_class_linker": 42, "submission": "", "due_date": "3000-01-01"}}, {"model": "assignments.assignment", "pk": 65, "fields": {"name": "buy me bagel", "description": "Please, I want a da bagel. I hungry rease. I just lonely chinee man and i either need foof, or bagel. I prefer bagel. Your da assignment is buyt me a bagel", "linked_class": 38, "user": 43, "done": true, "linked_model_assignment": 9, "linked_class_linker": 50, "submission": "No, I chinee man, i no by u da bagel, i am da bagel, the thicceeest bagel. Hehe", "due_date": "3000-01-01"}}, {"model": "assignments.assignment", "pk": 70, "fields": {"name": "Watch literally all of DS9", "description": "just do it", "linked_class": 51, "user": 49, "done": false, "linked_model_assignment": 40, "linked_class_linker": 56, "submission": "", "due_date": "2020-06-10"}}, {"model": "assignments.assignment", "pk": 71, "fields": {"name": "Watch literally all of DS9", "description": "just do it", "linked_class": 51, "user": 50, "done": true, "linked_model_assignment": 40, "linked_class_linker": 57, "submission": "I will not", "due_date": "2020-06-10"}}, {"model": "assignments.assignment", "pk": 72, "fields": {"name": "Wait, this works?", "description": "It  seems students are able to add assignemnts?", "linked_class": null, "user": 50, "done": false, "linked_model_assignment": null, "linked_class_linker": null, "submission": "*", "due_date": "2020-06-10"}}, {"model": "profiles.profile", "pk": 1, "fields": {"user": 1, "teacher": true}}, {"model": "profiles.profile", "pk": 2, "fields": {"user": 9, "teacher": false}}, {"model": "profiles.profile", "pk": 4, "fields": {"user": 10, "teacher": false}}, {"model": "profiles.profile", "pk": 6, "fields": {"user": 16, "teacher": true}}, {"model": "profiles.profile", "pk": 12, "fields": {"user": 22, "teacher": false}}, {"model": "profiles.profile", "pk": 13, "fields": {"user": 23, "teacher": true}}, {"model": "profiles.profile", "pk": 14, "fields": {"user": 24, "teacher": false}}, {"model": "profiles.profile", "pk": 17, "fields": {"user": 27, "teacher": true}}, {"model": "profiles.profile", "pk": 18, "fields": {"user": 28, "teacher": false}}, {"model": "profiles.profile", "pk": 22, "fields": {"user": 32, "teacher": false}}, {"model": "profiles.profile", "pk": 24, "fields": {"user": 34, "teacher": true}}, {"model": "profiles.profile", "pk": 26, "fields": {"user": 36, "teacher": false}}, {"model": "profiles.profile", "pk": 27, "fields": {"user": 37, "teacher": true}}, {"model": "profiles.profile", "pk": 28, "fields": {"user": 38, "teacher": false}}, {"model": "profiles.profile", "pk": 29, "fields": {"user": 39, "teacher": true}}, {"model": "profiles.profile", "pk": 31, "fields": {"user": 42, "teacher": true}}, {"model": "profiles.profile", "pk": 33, "fields": {"user": 44, "teacher": false}}, {"model": "profiles.profile", "pk": 34, "fields": {"user": 45, "teacher": true}}, {"model": "profiles.profile", "pk": 35, "fields": {"user": 46, "teacher": false}}, {"model": "profiles.profile", "pk": 37, "fields": {"user": 48, "teacher": true}}, {"model": "profiles.profile", "pk": 38, "fields": {"user": 49, "teacher": false}}, {"model": "profiles.profile", "pk": 39, "fields": {"user": 50, "teacher": false}}, {"model": "profiles.profile", "pk": 41, "fields": {"user": 55, "teacher": false}}, {"model": "profiles.profile", "pk": 51, "fields": {"user": 60, "teacher": true}}, {"model": "profiles.profile", "pk": 54, "fields": {"user": 63, "teacher": false}}, {"model": "profiles.profile", "pk": 58, "fields": {"user": 43, "teacher": false}}, {"model": "profiles.profile", "pk": 59, "fields": {"user": 64, "teacher": false}}, {"model": "admin.logentry", "pk": 1, "fields": {"action_time": "2019-09-07T03:22:52.334Z", "user": 1, "content_type": 4, "object_id": "2", "object_repr": "tvanapamula", "action_flag": 3, "change_message": ""}}, {"model": "admin.logentry", "pk": 2, "fields": {"action_time": "2019-09-07T03:24:58.425Z", "user": 1, "content_type": 4, "object_id": "3", "object_repr": "tvanapamula", "action_flag": 3, "change_message": ""}}, {"model": "admin.logentry", "pk": 3, "fields": {"action_time": "2019-09-07T03:29:17.478Z", "user": 1, "content_type": 4, "object_id": "4", "object_repr": "tvanapamula", "action_flag": 3, "change_message": ""}}, {"model": "admin.logentry", "pk": 4, "fields": {"action_time": "2019-09-07T03:30:19.942Z", "user": 1, "content_type": 4, "object_id": "5", "object_repr": "tvanapamula", "action_flag": 3, "change_message": ""}}, {"model": "admin.logentry", "pk": 5, "fields": {"action_time": "2019-09-07T03:33:05.324Z", "user": 1, "content_type": 4, "object_id": "6", "object_repr": "tvanapamula", "action_flag": 3, "change_message": ""}}, {"model": "admin.logentry", "pk": 6, "fields": {"action_time": "2019-09-07T03:34:46.498Z", "user": 1, "content_type": 4, "object_id": "7", "object_repr": "tvanapamula", "action_flag": 3, "change_message": ""}}, {"model": "admin.logentry", "pk": 7, "fields": {"action_time": "2019-09-12T23:38:31.262Z", "user": 1, "content_type": 7, "object_id": "1", "object_repr": "Class object (1)", "action_flag": 1, "change_message": "[{\"added\": {}}]"}}, {"model": "admin.logentry", "pk": 8, "fields": {"action_time": "2019-09-19T02:06:30.491Z", "user": 1, "content_type": 7, "object_id": "2", "object_repr": "Class object (2)", "action_flag": 1, "change_message": "[{\"added\": {}}]"}}, {"model": "admin.logentry", "pk": 9, "fields": {"action_time": "2019-09-19T23:41:18.602Z", "user": 1, "content_type": 7, "object_id": "4", "object_repr": "Class object (4)", "action_flag": 3, "change_message": ""}}, {"model": "admin.logentry", "pk": 10, "fields": {"action_time": "2019-10-12T19:03:38.214Z", "user": 1, "content_type": 7, "object_id": "10", "object_repr": "Class object (10)", "action_flag": 1, "change_message": "[{\"added\": {}}]"}}, {"model": "admin.logentry", "pk": 11, "fields": {"action_time": "2019-10-19T18:59:31.703Z", "user": 1, "content_type": 8, "object_id": "1", "object_repr": "Assignment object (1)", "action_flag": 2, "change_message": "[{\"changed\": {\"fields\": [\"done\"]}}]"}}, {"model": "admin.logentry", "pk": 12, "fields": {"action_time": "2019-10-19T19:00:36.114Z", "user": 1, "content_type": 8, "object_id": "1", "object_repr": "Assignment object (1)", "action_flag": 2, "change_message": "[{\"changed\": {\"fields\": [\"done\"]}}]"}}, {"model": "admin.logentry", "pk": 13, "fields": {"action_time": "2019-10-19T19:03:03.697Z", "user": 1, "content_type": 8, "object_id": "1", "object_repr": "Assignment object (1)", "action_flag": 2, "change_message": "[{\"changed\": {\"fields\": [\"done\"]}}]"}}, {"model": "admin.logentry", "pk": 14, "fields": {"action_time": "2019-10-19T19:24:30.615Z", "user": 1, "content_type": 8, "object_id": "1", "object_repr": "Assignment object (1)", "action_flag": 2, "change_message": "[{\"changed\": {\"fields\": [\"done\"]}}]"}}, {"model": "admin.logentry", "pk": 15, "fields": {"action_time": "2019-10-26T15:56:28.633Z", "user": 1, "content_type": 4, "object_id": "12", "object_repr": "expuser1234", "action_flag": 3, "change_message": ""}}, {"model": "admin.logentry", "pk": 16, "fields": {"action_time": "2019-10-26T16:01:12.717Z", "user": 1, "content_type": 4, "object_id": "13", "object_repr": "exampletest", "action_flag": 3, "change_message": ""}}, {"model": "admin.logentry", "pk": 17, "fields": {"action_time": "2019-10-26T16:02:20.532Z", "user": 1, "content_type": 4, "object_id": "14", "object_repr": "testuser1234", "action_flag": 3, "change_message": ""}}, {"model": "admin.logentry", "pk": 18, "fields": {"action_time": "2019-10-26T16:02:42.244Z", "user": 1, "content_type": 4, "object_id": "11", "object_repr": "exp", "action_flag": 3, "change_message": ""}}, {"model": "admin.logentry", "pk": 19, "fields": {"action_time": "2019-10-26T19:12:36.251Z", "user": 1, "content_type": 9, "object_id": "1", "object_repr": "Profile object (1)", "action_flag": 1, "change_message": "[{\"added\": {}}]"}}, {"model": "admin.logentry", "pk": 20, "fields": {"action_time": "2019-10-26T19:12:40.325Z", "user": 1, "content_type": 9, "object_id": "2", "object_repr": "Profile object (2)", "action_flag": 1, "change_message": "[{\"added\": {}}]"}}, {"model": "admin.logentry", "pk": 21, "fields": {"action_time": "2019-10-26T19:12:43.629Z", "user": 1, "content_type": 9, "object_id": "3", "object_repr": "Profile object (3)", "action_flag": 1, "change_message": "[{\"added\": {}}]"}}, {"model": "admin.logentry", "pk": 22, "fields": {"action_time": "2019-10-26T19:12:47.761Z", "user": 1, "content_type": 9, "object_id": "4", "object_repr": "Profile object (4)", "action_flag": 1, "change_message": "[{\"added\": {}}]"}}, {"model": "admin.logentry", "pk": 23, "fields": {"action_time": "2019-10-26T19:51:08.359Z", "user": 1, "content_type": 7, "object_id": "14", "object_repr": "Class object (14)", "action_flag": 3, "change_message": ""}}, {"model": "admin.logentry", "pk": 24, "fields": {"action_time": "2019-10-26T19:51:08.364Z", "user": 1, "content_type": 7, "object_id": "13", "object_repr": "Class object (13)", "action_flag": 3, "change_message": ""}}, {"model": "admin.logentry", "pk": 25, "fields": {"action_time": "2019-10-26T19:51:08.367Z", "user": 1, "content_type": 7, "object_id": "12", "object_repr": "Class object (12)", "action_flag": 3, "change_message": ""}}, {"model": "admin.logentry", "pk": 26, "fields": {"action_time": "2019-10-26T19:51:08.369Z", "user": 1, "content_type": 7, "object_id": "10", "object_repr": "Class object (10)", "action_flag": 3, "change_message": ""}}, {"model": "admin.logentry", "pk": 27, "fields": {"action_time": "2019-10-26T19:51:08.372Z", "user": 1, "content_type": 7, "object_id": "7", "object_repr": "Class object (7)", "action_flag": 3, "change_message": ""}}, {"model": "admin.logentry", "pk": 28, "fields": {"action_time": "2019-10-26T19:51:08.375Z", "user": 1, "content_type": 7, "object_id": "6", "object_repr": "Class object (6)", "action_flag": 3, "change_message": ""}}, {"model": "admin.logentry", "pk": 29, "fields": {"action_time": "2019-10-26T19:51:08.378Z", "user": 1, "content_type": 7, "object_id": "2", "object_repr": "Class object (2)", "action_flag": 3, "change_message": ""}}, {"model": "admin.logentry", "pk": 30, "fields": {"action_time": "2019-10-27T19:36:59.950Z", "user": 1, "content_type": 4, "object_id": "15", "object_repr": "Example", "action_flag": 3, "change_message": ""}}, {"model": "admin.logentry", "pk": 31, "fields": {"action_time": "2019-10-28T02:22:57.568Z", "user": 1, "content_type": 7, "object_id": "16", "object_repr": "Class object (16)", "action_flag": 2, "change_message": "[{\"changed\": {\"fields\": [\"name\"]}}]"}}, {"model": "admin.logentry", "pk": 32, "fields": {"action_time": "2019-10-31T02:42:25.603Z", "user": 1, "content_type": 4, "object_id": "17", "object_repr": "examplestudent", "action_flag": 3, "change_message": ""}}, {"model": "admin.logentry", "pk": 33, "fields": {"action_time": "2019-10-31T03:02:39.654Z", "user": 1, "content_type": 4, "object_id": "18", "object_repr": "examplestudent", "action_flag": 3, "change_message": ""}}, {"model": "admin.logentry", "pk": 34, "fields": {"action_time": "2019-10-31T03:06:12.046Z", "user": 1, "content_type": 4, "object_id": "19", "object_repr": "examplestudent", "action_flag": 3, "change_message": ""}}, {"model": "admin.logentry", "pk": 35, "fields": {"action_time": "2019-10-31T03:09:31.361Z", "user": 1, "content_type": 4, "object_id": "20", "object_repr": "examplestudent", "action_flag": 3, "change_message": ""}}, {"model": "admin.logentry", "pk": 36, "fields": {"action_time": "2019-10-31T03:10:56.896Z", "user": 1, "content_type": 4, "object_id": "21", "object_repr": "examplestudent", "action_flag": 3, "change_message": ""}}, {"model": "admin.logentry", "pk": 37, "fields": {"action_time": "2019-11-01T02:01:31.823Z", "user": 1, "content_type": 8, "object_id": "21", "object_repr": "Assignment object (21)", "action_flag": 3, "change_message": ""}}, {"model": "admin.logentry", "pk": 38, "fields": {"action_time": "2019-11-01T02:01:31.828Z", "user": 1, "content_type": 8, "object_id": "20", "object_repr": "Assignment object (20)", "action_flag": 3, "change_message": ""}}, {"model": "admin.logentry", "pk": 39, "fields": {"action_time": "2019-11-01T02:01:31.831Z", "user": 1, "content_type": 8, "object_id": "19", "object_repr": "Assignment object (19)", "action_flag": 3, "change_message": ""}}, {"model": "admin.logentry", "pk": 40, "fields": {"action_time": "2019-11-01T02:01:31.833Z", "user": 1, "content_type": 8, "object_id": "18", "object_repr": "Assignment object (18)", "action_flag": 3, "change_message": ""}}, {"model": "admin.logentry", "pk": 41, "fields": {"action_time": "2019-11-01T02:48:48.281Z", "user": 1, "content_type": 8, "object_id": "24", "object_repr": "Assignment object (24)", "action_flag": 3, "change_message": ""}}, {"model": "admin.logentry", "pk": 42, "fields": {"action_time": "2019-11-01T02:48:48.284Z", "user": 1, "content_type": 8, "object_id": "23", "object_repr": "Assignment object (23)", "action_flag": 3, "change_message": ""}}, {"model": "admin.logentry", "pk": 43, "fields": {"action_time": "2020-02-27T23:18:30.981Z", "user": 1, "content_type": 4, "object_id": "25", "object_repr": "kjadflaj", "action_flag": 3, "change_message": ""}}, {"model": "admin.logentry", "pk": 44, "fields": {"action_time": "2020-02-28T01:25:52.490Z", "user": 1, "content_type": 8, "object_id": "25", "object_repr": "Assignment object (25)", "action_flag": 3, "change_message": ""}}, {"model": "admin.logentry", "pk": 45, "fields": {"action_time": "2020-02-28T01:25:52.493Z", "user": 1, "content_type": 8, "object_id": "22", "object_repr": "Assignment object (22)", "action_flag": 3, "change_message": ""}}, {"model": "admin.logentry", "pk": 46, "fields": {"action_time": "2020-02-28T02:26:29.241Z", "user": 1, "content_type": 11, "object_id": "3", "object_repr": "Model_assignment object (3)", "action_flag": 3, "change_message": ""}}, {"model": "admin.logentry", "pk": 47, "fields": {"action_time": "2020-02-28T02:26:29.245Z", "user": 1, "content_type": 11, "object_id": "2", "object_repr": "Model_assignment object (2)", "action_flag": 3, "change_message": ""}}, {"model": "admin.logentry", "pk": 48, "fields": {"action_time": "2020-02-28T02:26:29.248Z", "user": 1, "content_type": 11, "object_id": "1", "object_repr": "Model_assignment object (1)", "action_flag": 3, "change_message": ""}}, {"model": "admin.logentry", "pk": 49, "fields": {"action_time": "2020-02-28T02:28:59.259Z", "user": 1, "content_type": 7, "object_id": "27", "object_repr": "Class object (27)", "action_flag": 3, "change_message": ""}}, {"model": "admin.logentry", "pk": 50, "fields": {"action_time": "2020-02-28T02:28:59.264Z", "user": 1, "content_type": 7, "object_id": "26", "object_repr": "Class object (26)", "action_flag": 3, "change_message": ""}}, {"model": "admin.logentry", "pk": 51, "fields": {"action_time": "2020-03-03T00:57:50.626Z", "user": 1, "content_type": 4, "object_id": "26", "object_repr": "prakash", "action_flag": 3, "change_message": ""}}, {"model": "admin.logentry", "pk": 52, "fields": {"action_time": "2020-03-18T22:16:07.387Z", "user": 1, "content_type": 8, "object_id": "2", "object_repr": "Assignment object (2)", "action_flag": 3, "change_message": ""}}, {"model": "admin.logentry", "pk": 53, "fields": {"action_time": "2020-03-18T22:16:16.874Z", "user": 1, "content_type": 11, "object_id": "1", "object_repr": "Model_assignment object (1)", "action_flag": 3, "change_message": ""}}, {"model": "admin.logentry", "pk": 54, "fields": {"action_time": "2020-03-19T15:41:49.436Z", "user": 1, "content_type": 11, "object_id": "3", "object_repr": "Model_assignment object (3)", "action_flag": 3, "change_message": ""}}, {"model": "admin.logentry", "pk": 55, "fields": {"action_time": "2020-03-19T18:51:44.794Z", "user": 1, "content_type": 10, "object_id": "18", "object_repr": "class_linker object (18)", "action_flag": 3, "change_message": ""}}, {"model": "admin.logentry", "pk": 56, "fields": {"action_time": "2020-03-19T18:53:43.682Z", "user": 1, "content_type": 11, "object_id": "5", "object_repr": "Model_assignment object (5)", "action_flag": 3, "change_message": ""}}, {"model": "admin.logentry", "pk": 57, "fields": {"action_time": "2020-03-19T19:56:39.439Z", "user": 1, "content_type": 10, "object_id": "25", "object_repr": "class_linker object (25)", "action_flag": 3, "change_message": ""}}, {"model": "admin.logentry", "pk": 58, "fields": {"action_time": "2020-03-19T19:56:39.444Z", "user": 1, "content_type": 10, "object_id": "24", "object_repr": "class_linker object (24)", "action_flag": 3, "change_message": ""}}, {"model": "admin.logentry", "pk": 59, "fields": {"action_time": "2020-03-30T02:28:37.681Z", "user": 1, "content_type": 4, "object_id": "29", "object_repr": "TinkuBell314", "action_flag": 3, "change_message": ""}}, {"model": "admin.logentry", "pk": 60, "fields": {"action_time": "2020-03-30T02:29:59.662Z", "user": 1, "content_type": 4, "object_id": "23", "object_repr": "tinu24", "action_flag": 2, "change_message": "[{\"changed\": {\"fields\": [\"Staff status\", \"Superuser status\"]}}]"}}, {"model": "admin.logentry", "pk": 61, "fields": {"action_time": "2020-03-30T02:30:11.255Z", "user": 1, "content_type": 4, "object_id": "8", "object_repr": "tvanapamula", "action_flag": 3, "change_message": ""}}, {"model": "admin.logentry", "pk": 62, "fields": {"action_time": "2020-03-31T14:50:47.364Z", "user": 23, "content_type": 4, "object_id": "1", "object_repr": "admin", "action_flag": 2, "change_message": "[{\"changed\": {\"fields\": [\"password\"]}}]"}}, {"model": "admin.logentry", "pk": 63, "fields": {"action_time": "2020-04-16T00:03:00.253Z", "user": 1, "content_type": 7, "object_id": "34", "object_repr": "Class object (34)", "action_flag": 2, "change_message": "[{\"changed\": {\"fields\": [\"Name\"]}}]"}}, {"model": "admin.logentry", "pk": 64, "fields": {"action_time": "2020-04-16T00:05:23.715Z", "user": 1, "content_type": 7, "object_id": "34", "object_repr": "Class object (34)", "action_flag": 2, "change_message": "[{\"changed\": {\"fields\": [\"Teacher\"]}}]"}}, {"model": "admin.logentry", "pk": 65, "fields": {"action_time": "2020-04-16T00:09:21.391Z", "user": 1, "content_type": 10, "object_id": "29", "object_repr": "class_linker object (29)", "action_flag": 3, "change_message": ""}}, {"model": "admin.logentry", "pk": 66, "fields": {"action_time": "2020-04-17T20:29:16.348Z", "user": 1, "content_type": 4, "object_id": "33", "object_repr": "vapupula", "action_flag": 3, "change_message": ""}}, {"model": "admin.logentry", "pk": 67, "fields": {"action_time": "2020-05-06T15:14:49.386Z", "user": 1, "content_type": 7, "object_id": "36", "object_repr": "Class object (36)", "action_flag": 3, "change_message": ""}}, {"model": "admin.logentry", "pk": 68, "fields": {"action_time": "2020-05-09T20:01:54.633Z", "user": 1, "content_type": 4, "object_id": "34", "object_repr": "Vapupula", "action_flag": 2, "change_message": "[{\"changed\": {\"fields\": [\"password\"]}}]"}}, {"model": "admin.logentry", "pk": 69, "fields": {"action_time": "2020-05-21T15:56:15.678Z", "user": 1, "content_type": 4, "object_id": "40", "object_repr": "mou ", "action_flag": 3, "change_message": ""}}, {"model": "admin.logentry", "pk": 70, "fields": {"action_time": "2020-05-21T15:56:15.694Z", "user": 1, "content_type": 4, "object_id": "30", "object_repr": "pp", "action_flag": 3, "change_message": ""}}, {"model": "admin.logentry", "pk": 71, "fields": {"action_time": "2020-05-21T15:56:15.694Z", "user": 1, "content_type": 4, "object_id": "35", "object_repr": "tinuisawesome", "action_flag": 3, "change_message": ""}}, {"model": "admin.logentry", "pk": 72, "fields": {"action_time": "2020-05-21T15:56:15.694Z", "user": 1, "content_type": 4, "object_id": "31", "object_repr": "unit", "action_flag": 3, "change_message": ""}}, {"model": "admin.logentry", "pk": 73, "fields": {"action_time": "2020-05-30T18:13:01.919Z", "user": 1, "content_type": 4, "object_id": "27", "object_repr": "rukmanga", "action_flag": 2, "change_message": "[{\"changed\": {\"fields\": [\"first_name\"]}}]"}}, {"model": "admin.logentry", "pk": 74, "fields": {"action_time": "2020-06-04T17:10:08.194Z", "user": 1, "content_type": 4, "object_id": "23", "object_repr": "tinu24", "action_flag": 2, "change_message": "[{\"changed\": {\"fields\": [\"password\"]}}]"}}, {"model": "admin.logentry", "pk": 75, "fields": {"action_time": "2020-06-05T18:29:12.988Z", "user": 1, "content_type": 7, "object_id": "33", "object_repr": "python class", "action_flag": 2, "change_message": "[{\"changed\": {\"fields\": [\"Teacher\"]}}]"}}, {"model": "admin.logentry", "pk": 76, "fields": {"action_time": "2020-06-07T02:54:04.551Z", "user": 1, "content_type": 8, "object_id": "45", "object_repr": "HFH Youth Club (Demo Student)", "action_flag": 3, "change_message": ""}}, {"model": "admin.logentry", "pk": 77, "fields": {"action_time": "2020-06-07T03:16:21.449Z", "user": 1, "content_type": 8, "object_id": "44", "object_repr": "HFH Youth Club (Tinu Vanapamula)", "action_flag": 3, "change_message": ""}}, {"model": "admin.logentry", "pk": 78, "fields": {"action_time": "2020-06-07T03:18:43.691Z", "user": 1, "content_type": 4, "object_id": "43", "object_repr": "tinu24", "action_flag": 2, "change_message": "[{\"changed\": {\"fields\": [\"Staff status\"]}}]"}}, {"model": "admin.logentry", "pk": 79, "fields": {"action_time": "2020-06-07T03:19:22.923Z", "user": 1, "content_type": 4, "object_id": "43", "object_repr": "tinu24", "action_flag": 2, "change_message": "[{\"changed\": {\"fields\": [\"Superuser status\"]}}]"}}, {"model": "admin.logentry", "pk": 80, "fields": {"action_time": "2020-06-07T03:19:41.688Z", "user": 43, "content_type": 8, "object_id": "47", "object_repr": "HFH Youth Club (Tinu Vanapamula)", "action_flag": 3, "change_message": ""}}, {"model": "admin.logentry", "pk": 81, "fields": {"action_time": "2020-06-08T21:22:06.850Z", "user": 43, "content_type": 4, "object_id": "41", "object_repr": "Svel ", "action_flag": 3, "change_message": ""}}, {"model": "admin.logentry", "pk": 82, "fields": {"action_time": "2020-06-09T04:01:31.201Z", "user": 1, "content_type": 12, "object_id": "1", "object_repr": "Tinu Vanapamula", "action_flag": 1, "change_message": "[{\"added\": {}}]"}}, {"model": "admin.logentry", "pk": 83, "fields": {"action_time": "2020-06-09T04:03:13.068Z", "user": 1, "content_type": 12, "object_id": "2", "object_repr": "Tinu Vanapamula", "action_flag": 1, "change_message": "[{\"added\": {}}]"}}, {"model": "admin.logentry", "pk": 84, "fields": {"action_time": "2020-06-09T04:03:25.224Z", "user": 1, "content_type": 12, "object_id": "2", "object_repr": "Tinu Vanapamula", "action_flag": 3, "change_message": ""}}, {"model": "admin.logentry", "pk": 85, "fields": {"action_time": "2020-06-09T04:05:00.006Z", "user": 1, "content_type": 12, "object_id": "1", "object_repr": "Tinu Vanapamula", "action_flag": 3, "change_message": ""}}, {"model": "admin.logentry", "pk": 86, "fields": {"action_time": "2020-06-09T04:30:43.249Z", "user": 1, "content_type": 12, "object_id": "3", "object_repr": "Tinu Vanapamula", "action_flag": 3, "change_message": ""}}, {"model": "admin.logentry", "pk": 87, "fields": {"action_time": "2020-06-09T04:40:24.175Z", "user": 43, "content_type": 12, "object_id": "4", "object_repr": "Tinu Vanapamula", "action_flag": 3, "change_message": ""}}, {"model": "admin.logentry", "pk": 88, "fields": {"action_time": "2020-06-09T05:02:26.055Z", "user": 1, "content_type": 12, "object_id": "7", "object_repr": "Balaji Vanapamula", "action_flag": 3, "change_message": ""}}, {"model": "admin.logentry", "pk": 89, "fields": {"action_time": "2020-06-09T05:15:56.756Z", "user": 43, "content_type": 12, "object_id": "9", "object_repr": "Balaji Vanapamula", "action_flag": 3, "change_message": ""}}, {"model": "admin.logentry", "pk": 90, "fields": {"action_time": "2020-06-09T15:18:24.218Z", "user": 43, "content_type": 12, "object_id": "18", "object_repr": "divyaprem", "action_flag": 3, "change_message": ""}}, {"model": "admin.logentry", "pk": 91, "fields": {"action_time": "2020-06-09T15:18:24.218Z", "user": 43, "content_type": 12, "object_id": "17", "object_repr": "Pushpavalli", "action_flag": 3, "change_message": ""}}, {"model": "admin.logentry", "pk": 92, "fields": {"action_time": "2020-06-09T15:18:24.218Z", "user": 43, "content_type": 12, "object_id": "16", "object_repr": "Madhu", "action_flag": 3, "change_message": ""}}, {"model": "admin.logentry", "pk": 93, "fields": {"action_time": "2020-06-09T15:18:24.218Z", "user": 43, "content_type": 12, "object_id": "15", "object_repr": "Pushpavalli", "action_flag": 3, "change_message": ""}}, {"model": "admin.logentry", "pk": 94, "fields": {"action_time": "2020-06-09T15:18:24.218Z", "user": 43, "content_type": 12, "object_id": "14", "object_repr": "Aashrith", "action_flag": 3, "change_message": ""}}, {"model": "admin.logentry", "pk": 95, "fields": {"action_time": "2020-06-09T15:18:24.218Z", "user": 43, "content_type": 12, "object_id": "12", "object_repr": "Pushpavalli", "action_flag": 3, "change_message": ""}}, {"model": "admin.logentry", "pk": 96, "fields": {"action_time": "2020-06-09T17:48:38.735Z", "user": 1, "content_type": 12, "object_id": "19", "object_repr": "Demo Student", "action_flag": 3, "change_message": ""}}, {"model": "admin.logentry", "pk": 97, "fields": {"action_time": "2020-06-09T22:02:12.080Z", "user": 43, "content_type": 12, "object_id": "25", "object_repr": "Tinu Vanapamula", "action_flag": 3, "change_message": ""}}, {"model": "admin.logentry", "pk": 98, "fields": {"action_time": "2020-06-09T22:02:12.080Z", "user": 43, "content_type": 12, "object_id": "23", "object_repr": "Tinu Vanapamula", "action_flag": 3, "change_message": ""}}, {"model": "admin.logentry", "pk": 99, "fields": {"action_time": "2020-06-10T02:25:16.998Z", "user": 43, "content_type": 12, "object_id": "26", "object_repr": "Aashrith", "action_flag": 3, "change_message": ""}}, {"model": "admin.logentry", "pk": 100, "fields": {"action_time": "2020-06-10T02:42:46.802Z", "user": 43, "content_type": 4, "object_id": "47", "object_repr": "Hi t", "action_flag": 3, "change_message": ""}}, {"model": "admin.logentry", "pk": 101, "fields": {"action_time": "2020-06-10T19:05:55.922Z", "user": 43, "content_type": 10, "object_id": "72", "object_repr": "Wait, this works? (A Student)", "action_flag": 2, "change_message": "[{\"changed\": {\"fields\": [\"Submission\"]}}]"}}, {"model": "admin.logentry", "pk": 102, "fields": {"action_time": "2020-06-11T00:13:44.827Z", "user": 43, "content_type": 4, "object_id": "49", "object_repr": "unicorn", "action_flag": 2, "change_message": "[{\"changed\": {\"fields\": [\"Last name\"]}}]"}}, {"model": "admin.logentry", "pk": 103, "fields": {"action_time": "2020-06-11T00:14:00.800Z", "user": 43, "content_type": 4, "object_id": "48", "object_repr": "Christ", "action_flag": 2, "change_message": "[{\"changed\": {\"fields\": [\"Last name\"]}}]"}}, {"model": "admin.logentry", "pk": 104, "fields": {"action_time": "2020-06-11T00:14:26.629Z", "user": 43, "content_type": 4, "object_id": "50", "object_repr": "studentusername", "action_flag": 2, "change_message": "[{\"changed\": {\"fields\": [\"Last name\"]}}]"}}, {"model": "admin.logentry", "pk": 105, "fields": {"action_time": "2020-06-11T00:14:59.609Z", "user": 43, "content_type": 10, "object_id": "72", "object_repr": "Wait, this works? (A Student)", "action_flag": 2, "change_message": "[{\"changed\": {\"fields\": [\"Submission\"]}}]"}}, {"model": "admin.logentry", "pk": 106, "fields": {"action_time": "2020-06-11T00:33:47.112Z", "user": 1, "content_type": 12, "object_id": "31", "object_repr": "A Student", "action_flag": 3, "change_message": ""}}, {"model": "admin.logentry", "pk": 107, "fields": {"action_time": "2020-06-18T03:31:36.113Z", "user": 1, "content_type": 13, "object_id": "1", "object_repr": "locahost:8000", "action_flag": 2, "change_message": "[{\"changed\": {\"fields\": [\"Domain name\", \"Display name\"]}}]"}}, {"model": "admin.logentry", "pk": 108, "fields": {"action_time": "2020-06-18T03:31:45.087Z", "user": 1, "content_type": 13, "object_id": "2", "object_repr": "homework.tinu.tech", "action_flag": 1, "change_message": "[{\"added\": {}}]"}}, {"model": "admin.logentry", "pk": 109, "fields": {"action_time": "2020-06-18T03:33:07.575Z", "user": 1, "content_type": 17, "object_id": "1", "object_repr": "Google API", "action_flag": 1, "change_message": "[{\"added\": {}}]"}}, {"model": "admin.logentry", "pk": 110, "fields": {"action_time": "2020-06-18T03:33:43.834Z", "user": 43, "content_type": 4, "object_id": "51", "object_repr": "tinu1", "action_flag": 3, "change_message": ""}}, {"model": "admin.logentry", "pk": 111, "fields": {"action_time": "2020-06-18T03:38:16.084Z", "user": 43, "content_type": 16, "object_id": "2", "object_repr": "tinu1", "action_flag": 3, "change_message": ""}}, {"model": "admin.logentry", "pk": 112, "fields": {"action_time": "2020-06-18T03:38:50.722Z", "user": 43, "content_type": 4, "object_id": "52", "object_repr": "tinu1", "action_flag": 3, "change_message": ""}}, {"model": "admin.logentry", "pk": 113, "fields": {"action_time": "2020-06-18T03:41:35.679Z", "user": 43, "content_type": 4, "object_id": "53", "object_repr": "tinu3", "action_flag": 3, "change_message": ""}}, {"model": "admin.logentry", "pk": 114, "fields": {"action_time": "2020-06-18T03:46:46.953Z", "user": 43, "content_type": 4, "object_id": "54", "object_repr": "tinu824", "action_flag": 2, "change_message": "[{\"changed\": {\"fields\": [\"Last name\"]}}]"}}, {"model": "admin.logentry", "pk": 115, "fields": {"action_time": "2020-06-18T03:46:54.531Z", "user": 43, "content_type": 4, "object_id": "55", "object_repr": "stem", "action_flag": 2, "change_message": "[{\"changed\": {\"fields\": [\"Last name\"]}}]"}}, {"model": "admin.logentry", "pk": 116, "fields": {"action_time": "2020-06-18T03:56:27.528Z", "user": 1, "content_type": 11, "object_id": "40", "object_repr": "Tinu Vanapamula", "action_flag": 3, "change_message": ""}}, {"model": "admin.logentry", "pk": 117, "fields": {"action_time": "2020-06-18T03:57:08.296Z", "user": 43, "content_type": 11, "object_id": "42", "object_repr": "Tinu Vanapamula", "action_flag": 3, "change_message": ""}}, {"model": "admin.logentry", "pk": 118, "fields": {"action_time": "2020-06-18T03:58:15.297Z", "user": 43, "content_type": 11, "object_id": "43", "object_repr": "Tinu Vanapamula", "action_flag": 3, "change_message": ""}}, {"model": "admin.logentry", "pk": 119, "fields": {"action_time": "2020-06-18T15:11:35.777Z", "user": 1, "content_type": 11, "object_id": "44", "object_repr": "*Tinu Vanapamula", "action_flag": 3, "change_message": ""}}, {"model": "admin.logentry", "pk": 120, "fields": {"action_time": "2020-06-18T17:07:42.761Z", "user": 43, "content_type": 4, "object_id": "56", "object_repr": "testuser", "action_flag": 3, "change_message": ""}}, {"model": "admin.logentry", "pk": 121, "fields": {"action_time": "2020-06-18T17:09:25.619Z", "user": 43, "content_type": 4, "object_id": "57", "object_repr": "testuser", "action_flag": 3, "change_message": ""}}, {"model": "admin.logentry", "pk": 122, "fields": {"action_time": "2020-06-18T17:10:52.470Z", "user": 43, "content_type": 4, "object_id": "58", "object_repr": "testuser", "action_flag": 3, "change_message": ""}}, {"model": "admin.logentry", "pk": 123, "fields": {"action_time": "2020-06-18T17:12:16.372Z", "user": 43, "content_type": 4, "object_id": "59", "object_repr": "testuser", "action_flag": 3, "change_message": ""}}, {"model": "admin.logentry", "pk": 124, "fields": {"action_time": "2020-06-18T17:14:11.643Z", "user": 43, "content_type": 11, "object_id": "32", "object_repr": "Tinu Vanapamula", "action_flag": 3, "change_message": ""}}, {"model": "admin.logentry", "pk": 125, "fields": {"action_time": "2020-06-18T20:23:39.197Z", "user": 43, "content_type": 4, "object_id": "54", "object_repr": "tinu824", "action_flag": 2, "change_message": "[{\"changed\": {\"fields\": [\"Staff status\", \"Superuser status\"]}}]"}}, {"model": "admin.logentry", "pk": 126, "fields": {"action_time": "2020-06-18T20:23:54.154Z", "user": 43, "content_type": 4, "object_id": "54", "object_repr": "tinu824", "action_flag": 2, "change_message": "[{\"changed\": {\"fields\": [\"Staff status\", \"Superuser status\"]}}]"}}, {"model": "admin.logentry", "pk": 127, "fields": {"action_time": "2020-06-18T20:24:16.934Z", "user": 43, "content_type": 16, "object_id": "4", "object_repr": "tinu24", "action_flag": 2, "change_message": "[{\"changed\": {\"fields\": [\"User\"]}}]"}}, {"model": "admin.logentry", "pk": 128, "fields": {"action_time": "2020-06-18T20:25:09.977Z", "user": 43, "content_type": 4, "object_id": "54", "object_repr": "tinu824", "action_flag": 3, "change_message": ""}}, {"model": "admin.logentry", "pk": 129, "fields": {"action_time": "2020-06-18T21:18:10.234Z", "user": 43, "content_type": 4, "object_id": "61", "object_repr": "tinu6", "action_flag": 2, "change_message": "[{\"changed\": {\"fields\": [\"Staff status\", \"Superuser status\"]}}]"}}, {"model": "admin.logentry", "pk": 130, "fields": {"action_time": "2020-06-18T21:18:26.764Z", "user": 43, "content_type": 16, "object_id": "6", "object_repr": "tinu24", "action_flag": 2, "change_message": "[{\"changed\": {\"fields\": [\"User\"]}}]"}}, {"model": "admin.logentry", "pk": 131, "fields": {"action_time": "2020-06-18T21:18:53.325Z", "user": 43, "content_type": 4, "object_id": "61", "object_repr": "tinu6", "action_flag": 3, "change_message": ""}}, {"model": "admin.logentry", "pk": 132, "fields": {"action_time": "2020-06-18T21:45:37.794Z", "user": 43, "content_type": 14, "object_id": "7", "object_repr": "digglet66@gmail.com", "action_flag": 2, "change_message": "[]"}}, {"model": "admin.logentry", "pk": 133, "fields": {"action_time": "2020-06-18T21:45:48.825Z", "user": 43, "content_type": 16, "object_id": "7", "object_repr": "aashrith", "action_flag": 2, "change_message": "[]"}}, {"model": "admin.logentry", "pk": 134, "fields": {"action_time": "2020-06-18T21:46:24.417Z", "user": 43, "content_type": 14, "object_id": "7", "object_repr": "digglet66@gmail.com", "action_flag": 2, "change_message": "[{\"changed\": {\"fields\": [\"User\"]}}]"}}, {"model": "admin.logentry", "pk": 135, "fields": {"action_time": "2020-06-18T21:46:38.057Z", "user": 43, "content_type": 16, "object_id": "7", "object_repr": "Vapupula", "action_flag": 2, "change_message": "[{\"changed\": {\"fields\": [\"User\"]}}]"}}, {"model": "admin.logentry", "pk": 136, "fields": {"action_time": "2020-06-18T21:47:20.085Z", "user": 43, "content_type": 4, "object_id": "34", "object_repr": "Vapupula", "action_flag": 2, "change_message": "[{\"changed\": {\"fields\": [\"Last name\", \"Email address\"]}}]"}}, {"model": "admin.logentry", "pk": 137, "fields": {"action_time": "2020-06-18T21:47:26.179Z", "user": 43, "content_type": 4, "object_id": "62", "object_repr": "aashrith", "action_flag": 3, "change_message": ""}}, {"model": "admin.logentry", "pk": 138, "fields": {"action_time": "2020-06-18T21:59:06.077Z", "user": 43, "content_type": 4, "object_id": "48", "object_repr": "Christ", "action_flag": 2, "change_message": "[{\"changed\": {\"fields\": [\"Last name\"]}}]"}}, {"model": "admin.logentry", "pk": 139, "fields": {"action_time": "2020-06-18T21:59:23.216Z", "user": 43, "content_type": 4, "object_id": "50", "object_repr": "studentusername", "action_flag": 2, "change_message": "[{\"changed\": {\"fields\": [\"Last name\"]}}]"}}, {"model": "admin.logentry", "pk": 140, "fields": {"action_time": "2020-06-18T21:59:34.309Z", "user": 43, "content_type": 4, "object_id": "49", "object_repr": "unicorn", "action_flag": 2, "change_message": "[{\"changed\": {\"fields\": [\"Last name\"]}}]"}}, {"model": "admin.logentry", "pk": 141, "fields": {"action_time": "2020-06-18T23:22:12.138Z", "user": 43, "content_type": 11, "object_id": "50", "object_repr": "Tinu", "action_flag": 3, "change_message": ""}}, {"model": "admin.logentry", "pk": 142, "fields": {"action_time": "2020-06-18T23:24:49.057Z", "user": 43, "content_type": 11, "object_id": "55", "object_repr": "Tinu", "action_flag": 3, "change_message": ""}}, {"model": "admin.logentry", "pk": 143, "fields": {"action_time": "2020-06-18T23:28:21.639Z", "user": 43, "content_type": 11, "object_id": "56", "object_repr": "Tinu", "action_flag": 3, "change_message": ""}}, {"model": "admin.logentry", "pk": 144, "fields": {"action_time": "2020-06-18T23:30:54.292Z", "user": 43, "content_type": 11, "object_id": "57", "object_repr": "Tinu", "action_flag": 3, "change_message": ""}}, {"model": "admin.logentry", "pk": 145, "fields": {"action_time": "2020-06-19T01:07:00.460Z", "user": 43, "content_type": 4, "object_id": "65", "object_repr": "hal", "action_flag": 3, "change_message": ""}}, {"model": "admin.logentry", "pk": 146, "fields": {"action_time": "2020-06-19T03:17:50.068Z", "user": 43, "content_type": 16, "object_id": "11", "object_repr": "hfhyc", "action_flag": 2, "change_message": "[{\"changed\": {\"fields\": [\"User\"]}}]"}}, {"model": "admin.logentry", "pk": 147, "fields": {"action_time": "2020-06-19T03:18:08.239Z", "user": 43, "content_type": 14, "object_id": "11", "object_repr": "balaji.vanapamula@gmail.com", "action_flag": 2, "change_message": "[{\"changed\": {\"fields\": [\"User\"]}}]"}}, {"model": "admin.logentry", "pk": 148, "fields": {"action_time": "2020-06-19T03:18:29.676Z", "user": 43, "content_type": 4, "object_id": "66", "object_repr": "balaji", "action_flag": 3, "change_message": ""}}, {"model": "admin.logentry", "pk": 149, "fields": {"action_time": "2020-06-19T03:18:54.330Z", "user": 43, "content_type": 4, "object_id": "42", "object_repr": "hfhyc", "action_flag": 2, "change_message": "[{\"changed\": {\"fields\": [\"First name\", \"Last name\", \"Email address\"]}}]"}}, {"model": "admin.logentry", "pk": 150, "fields": {"action_time": "2020-06-19T04:28:27.781Z", "user": 43, "content_type": 14, "object_id": "12", "object_repr": "tinuvanapamula@gmail.com", "action_flag": 1, "change_message": "[{\"added\": {}}]"}}]
